company,category,address,city,district,postalCode,phone,email,all_emails,website,domain,rating,reviews,priority_score,placeId,url,searchString
Budaklima - Budai Hűtéstechnika Kft- klímaszerelés és karbantartás,Klíma- és fűtésszerelő,"Budapest, Alabástrom u. 45, 1116 Magyarország",Budapest,XI. kerület,1116,+36 20 404 0404,klima@budaklima.hu,klima@budaklima.hu,https://www.budaklima.hu/,budaklima.hu,4.9,1570,1619.0,ChIJh6G56-bdQUcRwajt4EPepho,https://www.google.com/maps/search/?api=1&query=Budaklima%20-%20Budai%20H%C5%B1t%C3%A9stechnika%20Kft-%20kl%C3%ADmaszerel%C3%A9s%20%C3%A9s%20karbantart%C3%A1s&query_place_id=ChIJh6G56-bdQUcRwajt4EPepho,autóklíma szerviz
AKH - Szentmihályi út - Gumiszerviz,Gumiabroncs-szaküzlet,"Budapest, Szentmihályi út 68, 1154 Magyarország",Budapest,XV. kerület,1154,+36 30 566 5432,info@gumi.hu,info@gumi.hu,https://gumi.hu/szerviz/akh-szentmihalyi-ut-gumiszerviz,gumi.hu,4.3,1405,1448.0,ChIJ2Zu28_naQUcRu5nCn1dSntE,https://www.google.com/maps/search/?api=1&query=AKH%20-%20Szentmih%C3%A1lyi%20%C3%BAt%20-%20Gumiszerviz&query_place_id=ChIJ2Zu28_naQUcRu5nCn1dSntE,gumiszerviz
AKH Abroncs Kereskedőház Kft.,Gumiabroncs-szerviz,"Budapest, Megyeri út 15, 1044 Magyarország",Budapest,IV. kerület,1044,+36 1 371 3333,info@gumi.hu,info@gumi.hu,https://gumi.hu/szerviz/akh-megyeri-ut-gumiszerviz-autoszerviz,gumi.hu,4.4,1101,1145.0,ChIJiT926BjaQUcRtNjZLCA49s8,https://www.google.com/maps/search/?api=1&query=AKH%20Abroncs%20Keresked%C5%91h%C3%A1z%20Kft.&query_place_id=ChIJiT926BjaQUcRtNjZLCA49s8,autószerviz
Taylor kft Taylor Gumiszervíz,Gumiabroncs-szaküzlet,"Budapest, Méta u. 13, 1194 Magyarország",Budapest,XIX. kerület,1194,+36 1 280 6567,info@autotire.hu,info@autotire.hu,https://autotire.hu/,autotire.hu,4.6,1001,1047.0,ChIJkYc5BG_CQUcR81JKPuffFEE,https://www.google.com/maps/search/?api=1&query=Taylor%20kft%20Taylor%20Gumiszerv%C3%ADz&query_place_id=ChIJkYc5BG_CQUcR81JKPuffFEE,autójavítás
Ford Petrányi Budaörsi út,Ford márkakereskedő,"Budapest, Budaörsi út 179, 1112 Magyarország",Budapest,XI. kerület,1112,+36 1 881 0000,kontakt@petranyiauto.hu,kontakt@petranyiauto.hu,http://www.fordpetranyi.hu/,petranyiauto.hu,4.5,993,1038.0,ChIJc6jRMuLdQUcRzkPZF1xaXuU,https://www.google.com/maps/search/?api=1&query=Ford%20Petr%C3%A1nyi%20Buda%C3%B6rsi%20%C3%BAt&query_place_id=ChIJc6jRMuLdQUcRzkPZF1xaXuU,műszaki vizsga
"AKH - Fehérvári út - Autószerviz, Gumiszerviz",Gumiabroncs-szerviz,"Budapest, Fehérvári út 71-73, 1119 Magyarország",Budapest,XI. kerület,1119,+36 1 371 3333,info@gumi.hu,info@gumi.hu,https://gumi.hu/szerviz/akh-fehervari-ut-gumiszerviz-autoszerviz,gumi.hu,4.4,967,1011.0,ChIJ5fjoMrvdQUcRC3PadDUGBhc,https://www.google.com/maps/search/?api=1&query=AKH%20-%20Feh%C3%A9rv%C3%A1ri%20%C3%BAt%20-%20Aut%C3%B3szerviz%2C%20Gumiszerviz&query_place_id=ChIJ5fjoMrvdQUcRC3PadDUGBhc,gumi csere
VIP GUMI KFT,Gumiabroncs-szaküzlet,"Budapest, Építész u. 8, 1116 Magyarország",Budapest,XI. kerület,1116,+36 20 619 5871,vipgumikft@gmail.com,vipgumikft@gmail.com,http://nonstop-gumis.hu/,nonstop-gumis.hu,4.4,885,929.0,ChIJSWW3hZvdQUcR4OIs_2iMsmk,https://www.google.com/maps/search/?api=1&query=VIP%20GUMI%20KFT&query_place_id=ChIJSWW3hZvdQUcR4OIs_2iMsmk,gumi csere
Avalon Bosch Car Service,Autójavító,"Budapest, Tengerszem u. 106, 1142 Magyarország",Budapest,XIV. kerület,1142,+36 1 273 2770,service@avalon-care.hu,service@avalon-care.hu;rent@avalon-care.hu,http://www.avalon-service.hu/,avalon-service.hu,4.6,820,866.0,ChIJDZET36bbQUcRqAB4sDFdNHA,https://www.google.com/maps/search/?api=1&query=Avalon%20Bosch%20Car%20Service&query_place_id=ChIJDZET36bbQUcRqAB4sDFdNHA,autó szerviz
Duna Autó Zrt.,Autószerelő,"Budapest, Zay út 24, 1037 Magyarország",Budapest,III. kerület,1037,+36 1 801 4242,info@dunaauto.hu,info@dunaauto.hu,http://www.dunaauto.hu/,dunaauto.hu,4.3,805,848.0,ChIJ3af3nnLZQUcR53ju_-o8Pws,https://www.google.com/maps/search/?api=1&query=Duna%20Aut%C3%B3%20Zrt.&query_place_id=ChIJ3af3nnLZQUcR53ju_-o8Pws,autó szerviz
"Olajshop.hu Autószerviz Budapest - Óbuda, Szentendrei út",Autójavító,"Budapest, Szentendrei út 217, 1039 Magyarország",Budapest,III. kerület,1039,+36 20 349 5179,szerviz@fitauto.hu,szerviz@fitauto.hu;szentendrei@fitauto.hu;beke@fitauto.hu;napfeny@fitauto.hu,https://www.fitauto.hu/szervizek/budapest--obuda-szentendrei-ut/8,fitauto.hu,4.4,655,699.0,ChIJu0MSCZXZQUcRSGhjuk7dIcc,https://www.google.com/maps/search/?api=1&query=Olajshop.hu%20Aut%C3%B3szerviz%20Budapest%20-%20%C3%93buda%2C%20Szentendrei%20%C3%BAt&query_place_id=ChIJu0MSCZXZQUcRSGhjuk7dIcc,autószerviz
"AKH - Soroksári út - Gumiszerviz, Autószerviz",Autógumi,"Budapest, Soroksári út 110, 1095 Magyarország",Budapest,IX. kerület,1095,+36 1 371 3333,info@gumi.hu,info@gumi.hu,https://gumi.hu/,gumi.hu,4.5,618,663.0,ChIJ--FkKkbdQUcRXOWlahXwpQc,https://www.google.com/maps/search/?api=1&query=AKH%20-%20Soroks%C3%A1ri%20%C3%BAt%20-%20Gumiszerviz%2C%20Aut%C3%B3szerviz&query_place_id=ChIJ--FkKkbdQUcRXOWlahXwpQc,gumi csere
FITAUTO - Budapest Angyalföld (Béke utca) GYORSSZERVIZ HÁLÓZAT,Autógumi,"Budapest, Béke u. 127, 1131 Magyarország",Budapest,XIII. kerület,1131,+36 20 582 9434,szerviz@fitauto.hu,szerviz@fitauto.hu;szentendrei@fitauto.hu;beke@fitauto.hu;napfeny@fitauto.hu,http://www.fitauto.hu/,fitauto.hu,4.6,605,651.0,ChIJazeR4bbbQUcR-lquKTqGK1c,https://www.google.com/maps/search/?api=1&query=FITAUTO%20-%20Budapest%20Angyalf%C3%B6ld%20(B%C3%A9ke%20utca)%20GYORSSZERVIZ%20H%C3%81L%C3%93ZAT&query_place_id=ChIJazeR4bbbQUcR-lquKTqGK1c,autó szerviz
ABS javítás - Pixelfix Kft.,Autóalkatrész-üzlet,"Budapest, Fehéregyházi út 19, 1037 Magyarország",Budapest,III. kerület,1037,+36 70 534 1440,pixelfixltd@gmail.com,pixelfixltd@gmail.com;rewopro@gmail.com,http://pixelfix.hu/,pixelfix.hu,4.8,540,588.0,ChIJPawm1BLZQUcRqPH9tXTseMc,https://www.google.com/maps/search/?api=1&query=ABS%20jav%C3%ADt%C3%A1s%20-%20Pixelfix%20Kft.&query_place_id=ChIJPawm1BLZQUcRqPH9tXTseMc,fék javítás
Vulkán Gumi és Kézi autómosó,Autógumi,"Budapest, Jókai u. 11, 1211 Magyarország",Budapest,XXI. kerület,1211,+36 70 632 7211,info@vulkangumi-es-keziautomoso.hu,info@vulkangumi-es-keziautomoso.hu;info@vulkangumi-eskeziautomoso.hu,https://vulkangumi-es-keziautomoso.hu/,vulkangumi-es-keziautomoso.hu,4.7,541,588.0,ChIJq9sJF1_dQUcRs_Vqfbhlutk,https://www.google.com/maps/search/?api=1&query=Vulk%C3%A1n%20Gumi%20%C3%A9s%20K%C3%A9zi%20aut%C3%B3mos%C3%B3&query_place_id=ChIJq9sJF1_dQUcRs_Vqfbhlutk,gumi csere
"Antal Team Műszaki Vizsga, Vonóhorog szerelés, Használtautó átvizsgálás, autószerviz",Autószerelő,"Budapest, Pázmány Péter u. 71, 1153 Magyarország",Budapest,XV. kerület,1153,+36 20 343 3695,info@antalteam.hu,info@antalteam.hu;avargaerika77@gmail.com;antalteamszerviz@gmail.com;hello@mediadigital.hu;marketing.konya@gmail.com,https://antalteam.hu/,antalteam.hu,4.7,503,550.0,ChIJGV1X1FPaQUcRivVDG6R-a-g,https://www.google.com/maps/search/?api=1&query=Antal%20Team%20M%C5%B1szaki%20Vizsga%2C%20Von%C3%B3horog%20szerel%C3%A9s%2C%20Haszn%C3%A1ltaut%C3%B3%20%C3%A1tvizsg%C3%A1l%C3%A1s%2C%20aut%C3%B3szerviz&query_place_id=ChIJGV1X1FPaQUcRivVDG6R-a-g,autószerviz
EuroTyre Kft,Autószerelő,"Budapest, Fogadó u. 6, 1107 Magyarország",Budapest,X. kerület,1107,+36 1 262 2344,gumiaruhaz@gumiabroncslap.hu,gumiaruhaz@gumiabroncslap.hu;hungary@continental-promotion.com,http://www.gumiabroncslap.hu/,gumiabroncslap.hu,4.8,498,546.0,ChIJd2cWnyvDQUcRukfcx41IEDM,https://www.google.com/maps/search/?api=1&query=EuroTyre%20Kft&query_place_id=ChIJd2cWnyvDQUcRukfcx41IEDM,gumiszerviz
Janó-Dob Kft.,Autójavító,"Budapest, Rákospalotai határút 151, 1162 Magyarország",Budapest,XVI. kerület,1162,+36 20 345 5062,iroda@janodob.hu,iroda@janodob.hu;info@w3host.hu;bekelteto.testulet@bkik.hu;shop@janodob.hu;ugyfelszolgalat@naih.hu,http://www.janodob.hu/,janodob.hu,4.8,488,536.0,ChIJ8yC0t93EQUcRAiu0dCEYFYM,https://www.google.com/maps/search/?api=1&query=Jan%C3%B3-Dob%20Kft.&query_place_id=ChIJ8yC0t93EQUcRAiu0dCEYFYM,autó szerviz
Gumi-Profi Team Kft.,Gumiabroncs-szaküzlet,"Budapest, Reitter Ferenc u. 95, 1135 Magyarország",Budapest,XIII. kerület,1135,+36 1 415 0811,bp13@gumi-profi.hu,bp13@gumi-profi.hu;csillaghegy@gumi-profi.hu;papa@gumi-profi.hu;pecs@gumi-profi.hu;info@gumi-profi.hu,http://www.gumiprofi.hu/,gumi-profi.hu,4.4,464,508.0,ChIJzb2KAr3bQUcRYTMGnWyq_q8,https://www.google.com/maps/search/?api=1&query=Gumi-Profi%20Team%20Kft.&query_place_id=ChIJzb2KAr3bQUcRYTMGnWyq_q8,gumiszerviz
Hüllő Kft.,Autóradiátor-javítás,"Budapest, Lázár u. 71, 1202 Magyarország",Budapest,XX. kerület,1202,+36 1 283 1074,info@hullokft.hu,info@hullokft.hu,http://www.hullokft.hu/,hullokft.hu,4.4,450,494.0,ChIJeYa9S73CQUcR9dGzGHQgGwY,https://www.google.com/maps/search/?api=1&query=H%C3%BCll%C5%91%20Kft.&query_place_id=ChIJeYa9S73CQUcR9dGzGHQgGwY,autóklíma szerviz
AKH - Mexikói út - Gumiszerviz,Gumiabroncs-szerviz,"Budapest, Mexikói út 18, 1149 Magyarország",Budapest,XIV. kerület,1149,+36 1 371 3333,info@gumi.hu,info@gumi.hu,https://gumi.hu/szerviz/akh-mexikoi-ut-gumiszerviz,gumi.hu,4.6,447,493.0,ChIJ66boc0zdQUcRrTMoZ-orLgE,https://www.google.com/maps/search/?api=1&query=AKH%20-%20Mexik%C3%B3i%20%C3%BAt%20-%20Gumiszerviz&query_place_id=ChIJ66boc0zdQUcRrTMoZ-orLgE,gumiszerviz
Kollár Gumi - Gumiszervíz és felni javítás,Gumiabroncs-szaküzlet,"Budapest, Virág Benedek u. 79, 1204 Magyarország",Budapest,XX. kerület,1204,+36 20 960 5060,kollargumi@gmail.com,kollargumi@gmail.com;kollarautokft@gmail.com,http://www.hasznaltgumi.hu/,kollargumi.hu,4.6,437,483.0,ChIJvfx8cJ7CQUcRIAMUxXko2Mg,https://www.google.com/maps/search/?api=1&query=Koll%C3%A1r%20Gumi%20-%20Gumiszerv%C3%ADz%20%C3%A9s%20felni%20jav%C3%ADt%C3%A1s&query_place_id=ChIJvfx8cJ7CQUcRIAMUxXko2Mg,autó szerviz
Műszaki vizsgáztatás | 4 Tölgyesi Autójavító Kft.,Autószerelő,"Budapest, Szent László út 99, 1135 Magyarország",Budapest,XIII. kerület,1135,+36 70 363 3217,info@tolgyesiautoszerviz.hu,info@tolgyesiautoszerviz.hu,https://www.tolgyesiautoszerviz.hu/,tolgyesiautoszerviz.hu,4.4,435,479.0,ChIJy53t1rzbQUcR4MZR8COS6Xw,https://www.google.com/maps/search/?api=1&query=M%C5%B1szaki%20vizsg%C3%A1ztat%C3%A1s%20%7C%204%20T%C3%B6lgyesi%20Aut%C3%B3jav%C3%ADt%C3%B3%20Kft.&query_place_id=ChIJy53t1rzbQUcR4MZR8COS6Xw,autószerviz
Ott Service Kft.,Autójavító,"Budapest, Neszmélyi út 35, 1112 Magyarország",Budapest,XI. kerület,1112,+36 20 669 0692,ottservicekft@gmail.com,ottservicekft@gmail.com,http://ottservice.hu/,ottservice.hu,4.8,424,472.0,ChIJt-tSm-jdQUcRhxdRC-fZ4eA,https://www.google.com/maps/search/?api=1&query=Ott%20Service%20Kft.&query_place_id=ChIJt-tSm-jdQUcRhxdRC-fZ4eA,gumi csere
"Fábián Budapest - Peugeot, SsangYong, Isuzu márkakereskedés és szerviz",Autókereskedés,"Budapest, Jászóvár u. 1, 1113 Magyarország",Budapest,XI. kerület,1113,+36 1 361 4415,zoltan.palosi@fabian.hu,zoltan.palosi@fabian.hu;szerviz.fehervar@fabian.hu,http://www.fabian.hu/,fabian.hu,4.3,429,472.0,ChIJbc5SPM_dQUcR45NO6LF9YzM,https://www.google.com/maps/search/?api=1&query=F%C3%A1bi%C3%A1n%20Budapest%20-%20Peugeot%2C%20SsangYong%2C%20Isuzu%20m%C3%A1rkakeresked%C3%A9s%20%C3%A9s%20szerviz&query_place_id=ChIJbc5SPM_dQUcR45NO6LF9YzM,műszaki vizsga
"Kaptás Autószerviz Kft- Műszaki vizsgaállomás, Eredetiségvizsgálat, Futóműállítás, Diagnosztika, Gumiszerelés XI. Kerület",Autóellenőrző állomás,"Budapest, Than Károly u. 19, 1119 Magyarország",Budapest,XI. kerület,1119,+36 20 336 0226,KAPTASSZERVIZ2@GMAIL.COM,KAPTASSZERVIZ2@GMAIL.COM;kaptasszerviz2@gmail.com;kaptasvizsga@gmail.com,http://kaptasszerviz.hu/,kaptasszerviz.hu,4.8,418,466.0,ChIJ_1VNhIDdQUcRsTPc8OyVA9Y,https://www.google.com/maps/search/?api=1&query=Kapt%C3%A1s%20Aut%C3%B3szerviz%20Kft-%20M%C5%B1szaki%20vizsga%C3%A1llom%C3%A1s%2C%20Eredetis%C3%A9gvizsg%C3%A1lat%2C%20Fut%C3%B3m%C5%B1%C3%A1ll%C3%ADt%C3%A1s%2C%20Diagnosztika%2C%20Gumiszerel%C3%A9s%20XI.%20Ker%C3%BClet&query_place_id=ChIJ_1VNhIDdQUcRsTPc8OyVA9Y,gumi csere
Gumi-Profi Team Kft. - Bp III.,Gumiabroncs-szaküzlet,"Budapest, Csillaghegyi út 22, 1037 Magyarország",Budapest,III. kerület,1037,+36 1 430 6767,info@gumi-profi.hu,info@gumi-profi.hu;bp13@gumi-profi.hu;csillaghegy@gumi-profi.hu;papa@gumi-profi.hu;pecs@gumi-profi.hu;molnar.balazs@gumi-profi.hu,https://www.gumiprofi.hu/szervizpontok/gumiszerviz-iii,gumi-profi.hu,4.4,419,463.0,ChIJ06G_PwrZQUcRbvKB4NXK3UM,https://www.google.com/maps/search/?api=1&query=Gumi-Profi%20Team%20Kft.%20-%20Bp%20III.&query_place_id=ChIJ06G_PwrZQUcRbvKB4NXK3UM,gumiszerviz
Klímatechnika - Daikin klíma bemutatóterem,Légkondicionáló-kereskedő és kivitelező,"Budapest, Illatos út 11/b, 1097 Magyarország",Budapest,IX. kerület,1097,+36 20 934 1004,info@klimatechnika.hu,info@klimatechnika.hu;info@shoprenter.hu;bekelteto.testulet@bkik.hu;ugyfelszolgalat@naih.hu,http://webshop.klimatechnika.hu/,klimatechnika.hu,4.8,404,452.0,ChIJNe9nT-rCQUcRbgeN94OzL-s,https://www.google.com/maps/search/?api=1&query=Kl%C3%ADmatechnika%20-%20Daikin%20kl%C3%ADma%20bemutat%C3%B3terem&query_place_id=ChIJNe9nT-rCQUcRbgeN94OzL-s,autóklíma szerviz
"Abroncs Kereskedőház AKH - Batthyány utca - Gumiszerviz, Autószerviz",Gumiabroncs-szerviz,"Budapest, Batthyány u. 70, 1039 Magyarország",Budapest,III. kerület,1039,+36 1 371 3333,info@gumi.hu,info@gumi.hu,https://gumi.hu/szerviz/akh-batthyany-utca-gumiszerviz,gumi.hu,4.6,405,451.0,ChIJheqzuNzZQUcRyVWLYpoxad0,https://www.google.com/maps/search/?api=1&query=Abroncs%20Keresked%C5%91h%C3%A1z%20AKH%20-%20Batthy%C3%A1ny%20utca%20-%20Gumiszerviz%2C%20Aut%C3%B3szerviz&query_place_id=ChIJheqzuNzZQUcRyVWLYpoxad0,autószerviz
CAR-GO Autószerviz,Autójavító,"Budapest, Fehérvári út 144-12-es épület, 1116 Magyarország",Budapest,XI. kerület,1116,+36 70 630 9001,szerviz@car-go.hu,szerviz@car-go.hu,http://www.car-go.hu/,car-go.hu,4.7,401,448.0,ChIJRfUO-5vdQUcRvmDpo7Yu_LM,https://www.google.com/maps/search/?api=1&query=CAR-GO%20Aut%C3%B3szerviz&query_place_id=ChIJRfUO-5vdQUcRvmDpo7Yu_LM,fék javítás
Magyar Autóklub Szerviz- és vizsgapont,Autószerelő,"Budapest, Budaörsi út 138, 1112 Magyarország",Budapest,XI. kerület,1112,+36 1 310 2958,web@autoklub.hu,web@autoklub.hu,https://www.autoklub.hu/,autoklub.hu,4.3,391,434.0,ChIJBXPdvefdQUcR5hiCz8j0qOE,https://www.google.com/maps/search/?api=1&query=Magyar%20Aut%C3%B3klub%20Szerviz-%20%C3%A9s%20vizsgapont&query_place_id=ChIJBXPdvefdQUcR5hiCz8j0qOE,műszaki vizsga
Schirger Gumi a Gumisch,Autógumi,"Budapest, Timur u. 82, 1162 Magyarország",Budapest,XVI. kerület,1162,+36 1 409 5175,Schirger.Peter@gumisch.hu,Schirger.Peter@gumisch.hu,http://www.gumisch.hu/,gumisch.hu,4.9,360,409.0,ChIJaapewx_FQUcRdFPdiw2l3MI,https://www.google.com/maps/search/?api=1&query=Schirger%20Gumi%20a%20Gumisch&query_place_id=ChIJaapewx_FQUcRdFPdiw2l3MI,gumi csere
FÁBER TEAM Autószerviz,Autójavító,"Budapest, Klapka György u. 15, 1154 Magyarország",Budapest,XV. kerület,1154,+36 20 979 9039,info@faberteam.hu,info@faberteam.hu;karosszeriamunkafelvetel@faberteam.hu;info@markafuggetlenautoszerviz.hu;szervizmunkafelvetel@faberteam.hu;karrendezes@faberteam.hu,http://faberteam.hu/,faberteam.hu,4.8,357,405.0,ChIJpeUqhfnaQUcR90Rzqed_pNI,https://www.google.com/maps/search/?api=1&query=F%C3%81BER%20TEAM%20Aut%C3%B3szerviz&query_place_id=ChIJpeUqhfnaQUcR90Rzqed_pNI,autó szerviz
Bojtár33 Műszaki Vizsgaállomás,Autóellenőrző állomás,"Budapest, Bojtár u. 33, 1037 Magyarország",Budapest,III. kerület,1037,+36 20 213 0843,info@bojtar33.hu,info@bojtar33.hu,https://www.bojtar33.hu/,bojtar33.hu,4.8,353,401.0,ChIJA8ibezjYQUcRdhRbFhRBd-4,https://www.google.com/maps/search/?api=1&query=Bojt%C3%A1r33%20M%C5%B1szaki%20Vizsga%C3%A1llom%C3%A1s&query_place_id=ChIJA8ibezjYQUcRdhRbFhRBd-4,műszaki vizsga
Gumi-Felni autójavító kft,Gumiabroncs-szaküzlet,"Budapest, II. Rákóczi Ferenc út 320, 1214 Magyarország",Budapest,XXI. kerület,1214,+36 70 363 5888,csepelgumi@gmail.com,csepelgumi@gmail.com,https://gumifelni.hu/,gumifelni.hu,4.6,346,392.0,ChIJXTEnXcznQUcRQsR9zEMty7Q,https://www.google.com/maps/search/?api=1&query=Gumi-Felni%20aut%C3%B3jav%C3%ADt%C3%B3%20kft&query_place_id=ChIJXTEnXcznQUcRQsR9zEMty7Q,gumiszerviz
Schiller Autó Család,Autószerelő,"Budapest, Váci út 119/C, 1044 Magyarország",Budapest,IV. kerület,1044,+36 20 858 0420,barabas.marton@schiller.hu,barabas.marton@schiller.hu;feher.lajos@schiller.hu;toth.gabor2@schiller.hu;info.lexus@schiller.hu,https://schiller.hu/,schiller.hu,4.4,338,382.0,ChIJ9xWMVcTbQUcRJmnmhjSF6TM,https://www.google.com/maps/search/?api=1&query=Schiller%20Aut%C3%B3%20Csal%C3%A1d&query_place_id=ChIJ9xWMVcTbQUcRJmnmhjSF6TM,autó szerviz
Duna Autó Škoda márkakereskedés,Autószerelő,"Budapest, Szőlőkert u. 12, 1037 Magyarország",Budapest,III. kerület,1037,+36 1 801 4222,info@dunaauto.hu,info@dunaauto.hu,http://dunaauto.hu/skoda,dunaauto.hu,4.6,327,373.0,ChIJLWEjrXPZQUcRl8tJEF3FOOE,https://www.google.com/maps/search/?api=1&query=Duna%20Aut%C3%B3%20%C5%A0koda%20m%C3%A1rkakeresked%C3%A9s&query_place_id=ChIJLWEjrXPZQUcRl8tJEF3FOOE,autó szerviz
AKH - Gumiszerviz,Gumiabroncs-szerviz,"Budapest, Árpád fejedelem útja 99, 1033 Magyarország",Budapest,III. kerület,1033,+36 1 371 3333,info@gumi.hu,info@gumi.hu,https://gumi.hu/szerviz/akh-arpad-fejedelem-utja-gumiszerviz,gumi.hu,4.3,315,358.0,ChIJuShRrVjZQUcRQpuj4o5dX7M,https://www.google.com/maps/search/?api=1&query=AKH%20-%20Gumiszerviz&query_place_id=ChIJuShRrVjZQUcRQpuj4o5dX7M,gumiszerviz
Kék Hold S.E. Kft,Gumiabroncs-szaküzlet,"Budapest, 1038, Szentendrei út 281, 1039 Magyarország",Budapest,III. kerület,1039,+36 20 471 6071,info@kekhold.hu,info@kekhold.hu,http://www.kekhold.hu/,kekhold.hu,4.5,307,352.0,ChIJn3wv7sDZQUcRsJwwHlURK0c,https://www.google.com/maps/search/?api=1&query=K%C3%A9k%20Hold%20S.E.%20Kft&query_place_id=ChIJn3wv7sDZQUcRsJwwHlURK0c,gumiszerviz
Duna Autó Renault,Autókereskedés,"Budapest, Kunigunda útja 56, 1037 Magyarország",Budapest,III. kerület,1037,+36 1 801 4284,info@dunaauto.hu,info@dunaauto.hu,http://dunaauto.hu/renault,dunaauto.hu,4.6,305,351.0,ChIJua2MhXLZQUcRctMLE0Gbfbc,https://www.google.com/maps/search/?api=1&query=Duna%20Aut%C3%B3%20Renault&query_place_id=ChIJua2MhXLZQUcRctMLE0Gbfbc,autó szerviz
Bosch Car Service - Óbuda,Autójavító,"Budapest, Ország út 6-8, 1039 Magyarország",Budapest,III. kerület,1039,+36 70 935 9204,info@boschcarserviceobuda.hu,info@boschcarserviceobuda.hu,http://www.boschcarserviceobuda.hu/,boschcarserviceobuda.hu,4.5,294,339.0,ChIJVdUBPWTXQUcRbP3ovgJebAU,https://www.google.com/maps/search/?api=1&query=Bosch%20Car%20Service%20-%20%C3%93buda&query_place_id=ChIJVdUBPWTXQUcRbP3ovgJebAU,autószerviz
"Autónyitás, autó ajtó nyitás, autózár nyitás, bezártam a kulcsot az autóba",Sürgősségi lakatos szolgálat,"Budapest, Kelenhegyi út 49, 1118 Magyarország",Budapest,XI. kerület,1118,+36 70 631 3955,info@autotnyitok.hu,info@autotnyitok.hu,https://autotnyitok.hu/,autotnyitok.hu,5.0,289,339.0,ChIJuUIww17gQUcRmLt6COcVIac,https://www.google.com/maps/search/?api=1&query=Aut%C3%B3nyit%C3%A1s%2C%20aut%C3%B3%20ajt%C3%B3%20nyit%C3%A1s%2C%20aut%C3%B3z%C3%A1r%20nyit%C3%A1s%2C%20bez%C3%A1rtam%20a%20kulcsot%20az%20aut%C3%B3ba&query_place_id=ChIJuUIww17gQUcRmLt6COcVIac,autómentés
Marsopont,Gumiabroncs-szaküzlet,"Budapest, Arany János u. 2-6, 1044 Magyarország",Budapest,IV. kerület,1044,+36 42 204 080,ugyfelszolgalat@marso.hu,ugyfelszolgalat@marso.hu,http://www.marso.hu/,marso.hu,4.2,296,338.0,ChIJHwdGUSTaQUcR2edBuTIbP2Q,https://www.google.com/maps/search/?api=1&query=Marsopont&query_place_id=ChIJHwdGUSTaQUcR2edBuTIbP2Q,autó szerviz
Bálbett Kft,Autójavító,"Budapest, Nagykőrösi út 94, 1188 Magyarország",Budapest,XVIII. kerület,1188,+36 70 946 4387,balbett2@gmail.com,balbett2@gmail.com,http://balbett.hu/,balbett.hu,4.6,286,332.0,ChIJ7eOcOxnqQUcRaqe-9ufRrgc,https://www.google.com/maps/search/?api=1&query=B%C3%A1lbett%20Kft&query_place_id=ChIJ7eOcOxnqQUcRaqe-9ufRrgc,autó szerviz
Duna Autó Nissan,Autószerelő,"Budapest, Kunigunda útja 56, 1037 Magyarország",Budapest,III. kerület,1037,+36 1 801 4131,info@dunaauto.hu,info@dunaauto.hu,http://dunaauto.hu/nissan,dunaauto.hu,4.4,287,331.0,ChIJLVGpiXLZQUcR-RhgjIVudQg,https://www.google.com/maps/search/?api=1&query=Duna%20Aut%C3%B3%20Nissan&query_place_id=ChIJLVGpiXLZQUcR-RhgjIVudQg,autó szerviz
Hegedűs Gumiszerviz,Gumiabroncs-szerviz,"Budapest, Határ út 23, 1203 Magyarország",Budapest,XX. kerület,1203,+36 1 283 1218,info@hegedusgumi.hu,info@hegedusgumi.hu;hegedus.istvan@t-online.hu,http://www.hegedusgumi.hu/about.php,hegedusgumi.hu,4.4,287,331.0,ChIJK99Uf0vdQUcRzkkO4AV_IXw,https://www.google.com/maps/search/?api=1&query=Heged%C5%B1s%20Gumiszerviz&query_place_id=ChIJK99Uf0vdQUcRzkkO4AV_IXw,gumi csere
Príma Autóklíma Bt.,Autószerelő,"Budapest, Keresztúri út 116, 1106 Magyarország",Budapest,X. kerület,1106,+36 1 262 6814,primaklima@t-online.hu,primaklima@t-online.hu,http://www.primaklima.hu/,primaklima.hu,4.6,281,327.0,ChIJp86Iz2XDQUcRvftes_j3cMw,https://www.google.com/maps/search/?api=1&query=Pr%C3%ADma%20Aut%C3%B3kl%C3%ADma%20Bt.&query_place_id=ChIJp86Iz2XDQUcRvftes_j3cMw,autóklíma szerviz
"Verdavizsga Kft. - Műszaki vizsga, Autószerviz, Hibrid autószerviz",Autójavító,"Budapest, József u. 107, 1161 Magyarország",Budapest,XVI. kerület,1161,+36 20 313 1436,info@verdavizsga.hu,info@verdavizsga.hu;verdavizsga@gmail.com,https://www.verdavizsga.hu/,verdavizsga.hu,4.8,278,326.0,ChIJKXs1h8vEQUcR-BkH_Dq6k9Y,https://www.google.com/maps/search/?api=1&query=Verdavizsga%20Kft.%20-%20M%C5%B1szaki%20vizsga%2C%20Aut%C3%B3szerviz%2C%20Hibrid%20aut%C3%B3szerviz&query_place_id=ChIJKXs1h8vEQUcR-BkH_Dq6k9Y,autószerviz
H.N.H. Autószerviz Kereskedelmi és Szolgáltató Kft.,Autószerelő,"Budapest, Aporháza u. 61, 1152 Magyarország",Budapest,XV. kerület,1152,+36 1 271 0016,hnh@hnhautoszerviz.hu,hnh@hnhautoszerviz.hu,http://hnhautoszerviz.hu/,hnhautoszerviz.hu,4.6,272,318.0,ChIJr7CW2vPaQUcR5gdsQtDgTfw,https://www.google.com/maps/search/?api=1&query=H.N.H.%20Aut%C3%B3szerviz%20Kereskedelmi%20%C3%A9s%20Szolg%C3%A1ltat%C3%B3%20Kft.&query_place_id=ChIJr7CW2vPaQUcR5gdsQtDgTfw,autó szerviz
"Toy-tech Toyota, Lexus Autószerviz, és Hybrid specialista",Autójavító,"Budapest, Vasvári Pál u. 11, 1047 Magyarország",Budapest,IV. kerület,1047,+36 70 946 8598,info@toy-tech.hu,info@toy-tech.hu;support@dotroll.com,https://toy-tech.hu/,toy-tech.hu,4.8,263,311.0,ChIJGblouaDdQUcRR3OwUt0_HyQ,https://www.google.com/maps/search/?api=1&query=Toy-tech%20Toyota%2C%20Lexus%20Aut%C3%B3szerviz%2C%20%C3%A9s%20Hybrid%20specialista&query_place_id=ChIJGblouaDdQUcRR3OwUt0_HyQ,autószerviz
Újbudai Autó Doki,Autószerelő,"Budapest, Hengermalom út 17, 1117 Magyarország",Budapest,XI. kerület,1117,+36 20 916 0000,pest@auto-doki.hu,query@finances.com;pest@auto-doki.hu;buda@auto-doki.hu;ujbuda@auto-doki.hu,http://auto-doki.hu/,auto-doki.hu,4.5,258,303.0,ChIJa_0qTSTcQUcRAQAJr9ChYNw,https://www.google.com/maps/search/?api=1&query=%C3%9Ajbudai%20Aut%C3%B3%20Doki&query_place_id=ChIJa_0qTSTcQUcRAQAJr9ChYNw,gumi csere
Független KIA szerviz - Lurdi szerviz Budapest,Autószerelő,"Budapest, Pékerdő u. 1, 1097 Magyarország",Budapest,IX. kerület,1097,+36 20 252 3969,arvai.kiaszerviz@t-online.hu,arvai.kiaszerviz@t-online.hu,https://fuggetlenkialurdy.com/,fuggetlenkialurdy.com,4.8,255,303.0,ChIJ55d4bh7dQUcRUP3LQF9OVXg,https://www.google.com/maps/search/?api=1&query=F%C3%BCggetlen%20KIA%20szerviz%20-%20Lurdi%20szerviz%20Budapest&query_place_id=ChIJ55d4bh7dQUcRUP3LQF9OVXg,fék javítás
Duna Autó Volvo,Autószerelő,"Budapest, Kunigunda útja 56, 1037 Magyarország",Budapest,III. kerület,1037,+36 1 801 4265,info@dunaauto.hu,info@dunaauto.hu,http://dunaauto.hu/volvo,dunaauto.hu,4.5,256,301.0,ChIJ1Rpmm3LZQUcRGVBZx5jnVeA,https://www.google.com/maps/search/?api=1&query=Duna%20Aut%C3%B3%20Volvo&query_place_id=ChIJ1Rpmm3LZQUcRGVBZx5jnVeA,autó szerviz
RM - Royal Motor Kft.,Autószerelő,"Budapest, Fáy u. 43, 1139 Magyarország",Budapest,XIII. kerület,1139,+36 1 340 2378,info@hondanet.hu,info@hondanet.hu;tamas.czino@hondanet.hu;mogyidaniel@gmail.com,http://www.hondanet.hu/,hondanet.hu,4.6,254,300.0,ChIJ3YD7w7_bQUcRuhzJfhxLLIg,https://www.google.com/maps/search/?api=1&query=RM%20-%20Royal%20Motor%20Kft.&query_place_id=ChIJ3YD7w7_bQUcRuhzJfhxLLIg,autó szerviz
"Szappanos Autójavító Kft.- autójavítás,autóvillamosság,autódiagnosztika,karosszéria javítás",Autójavító,"Budapest, Telepes u. 49/B, 1147 Magyarország",Budapest,XIV. kerület,1147,+36 30 345 3111,info@szappanosauto.hu,info@szappanosauto.hu,http://szappanosauto.hu/,szappanosauto.hu,4.5,242,287.0,ChIJ_8IHB27bQUcRLWTda02_lkE,https://www.google.com/maps/search/?api=1&query=Szappanos%20Aut%C3%B3jav%C3%ADt%C3%B3%20Kft.-%20aut%C3%B3jav%C3%ADt%C3%A1s%2Caut%C3%B3villamoss%C3%A1g%2Caut%C3%B3diagnosztika%2Ckarossz%C3%A9ria%20jav%C3%ADt%C3%A1s&query_place_id=ChIJ_8IHB27bQUcRLWTda02_lkE,autójavítás
Udvari Automobil Volvo Szerviz,Autószerelő,"Budapest, Tengerszem u. 84, 1142 Magyarország",Budapest,XIV. kerület,1142,+36 20 952 1412,udvari.laszlo@udvariautomobil.hu,udvari.laszlo@udvariautomobil.hu,http://www.udvariautomobil.hu/,udvariautomobil.hu,4.7,239,286.0,ChIJ6dLRtZrbQUcRMRNDyr0h3LY,https://www.google.com/maps/search/?api=1&query=Udvari%20Automobil%20Volvo%20Szerviz&query_place_id=ChIJ6dLRtZrbQUcRMRNDyr0h3LY,autó szerviz
Duna Autó Honda,Autószerelő,"Budapest, Kunigunda útja 56, 1037 Magyarország",Budapest,III. kerület,1037,+36 1 801 4080,info@dunaauto.hu,info@dunaauto.hu,http://dunaauto.hu/honda,dunaauto.hu,4.3,241,284.0,ChIJHW-R1nLZQUcRaoffDvpwpuA,https://www.google.com/maps/search/?api=1&query=Duna%20Aut%C3%B3%20Honda&query_place_id=ChIJHW-R1nLZQUcRaoffDvpwpuA,autó szerviz
Tímár-Autó,Autószerelő,"Budapest, Tüzér u. 43, 1134 Magyarország",Budapest,XIII. kerület,1134,+36 20 777 2180,shop.timarauto@gmail.com,shop.timarauto@gmail.com,http://www.timarauto.hu/,timarauto.hu,4.9,235,284.0,ChIJn1nxjpLbQUcR0o1xTqyxheU,https://www.google.com/maps/search/?api=1&query=T%C3%ADm%C3%A1r-Aut%C3%B3&query_place_id=ChIJn1nxjpLbQUcR0o1xTqyxheU,autóklíma szerviz
Preko-k Bt futóműbeállítás,Autószerelő,"Budapest, Tárház u. 36, 1214 Magyarország",Budapest,XXI. kerület,1214,+36 20 932 5103,support@nyitvatartas24.hu,support@nyitvatartas24.hu;info@oeffnungszeitenbuch.de;costard@it-rechtsberater.de,https://nyitvatartas24.hu/uzlet/Budapest-Preko-K%20B-375451H.html,nyitvatartas24.hu,4.9,234,283.0,ChIJHz1OvMDnQUcRqzbZiOwnXiQ,https://www.google.com/maps/search/?api=1&query=Preko-k%20Bt%20fut%C3%B3m%C5%B1be%C3%A1ll%C3%ADt%C3%A1s&query_place_id=ChIJHz1OvMDnQUcRqzbZiOwnXiQ,gumiszerviz
Eredetiségvizsgálat - Műszaki vizsga Bázis.,Gépjármű-ügyintézés,"Budapest, Fővárosi Autópiac Déli Kapu, Nagykőrösi út 162, 1194 Magyarország",Budapest,XIX. kerület,1194,+36 20 938 4166,webmester@metalelektro.hu,webmester@metalelektro.hu,http://www.metalelektro.hu/autopiac,metalelektro.hu,4.7,235,282.0,ChIJRaHI1I7CQUcR_DVrCpO7ezQ,https://www.google.com/maps/search/?api=1&query=Eredetis%C3%A9gvizsg%C3%A1lat%20-%20M%C5%B1szaki%20vizsga%20B%C3%A1zis.&query_place_id=ChIJRaHI1I7CQUcR_DVrCpO7ezQ,autó szerviz
Kedvenc Autószerviz,Autószerelő,"Budapest, Bécsi út 277, 1037 Magyarország",Budapest,III. kerület,1037,+36 70 544 4555,szerviz@akedvenc.hu,szerviz@akedvenc.hu,http://kedvencszerviz.hu/,kedvencszerviz.hu,4.3,237,280.0,ChIJuQjpRyHZQUcRIjboBkkSdiQ,https://www.google.com/maps/search/?api=1&query=Kedvenc%20Aut%C3%B3szerviz&query_place_id=ChIJuQjpRyHZQUcRIjboBkkSdiQ,autószerviz
"Horváth Mobilgumis - Nonstop Gumiszerelés, Gumicsere, Defektjavítás, Kerékcsere, TPMS Programozás",Autógumi,"Budapest, Egressy Gábor u., 1184 Magyarország",Budapest,XVIII. kerület,1184,+36 70 905 4995,horvathmobilgumis@gmail.com,horvathmobilgumis@gmail.com,https://horvathmobilgumis.hu/,horvathmobilgumis.hu,5.0,230,280.0,ChIJaeUbNu_DQUcRI10GveFxfDQ,https://www.google.com/maps/search/?api=1&query=Horv%C3%A1th%20Mobilgumis%20-%20Nonstop%20Gumiszerel%C3%A9s%2C%20Gumicsere%2C%20Defektjav%C3%ADt%C3%A1s%2C%20Ker%C3%A9kcsere%2C%20TPMS%20Programoz%C3%A1s&query_place_id=ChIJaeUbNu_DQUcRI10GveFxfDQ,gumi csere
Winner Gumi Kft.,Gumiabroncs-szerviz,"Budapest, Fogarasi út 117, 1141 Magyarország",Budapest,XIV. kerület,1141,+36 70 942 2133,winnergumi@winnergumi.hu,winnergumi@winnergumi.hu,https://winnergumi.hu/,winnergumi.hu,4.9,229,278.0,ChIJl5ZHYU7bQUcRFkyOt9cvzyY,https://www.google.com/maps/search/?api=1&query=Winner%20Gumi%20Kft.&query_place_id=ChIJl5ZHYU7bQUcRFkyOt9cvzyY,gumi csere
Fix & Go Autószerviz (English speaking team),Autószerelő,"Budapest, Hollán Ernő u. 13-15, 1136 Magyarország",Budapest,XIII. kerület,1136,+36 20 265 6396,fixandgoautoszerviz@gmail.com,fixandgoautoszerviz@gmail.com,http://fixandgo.hu/,fixandgo.hu,4.8,226,274.0,ChIJy-YB1AjcQUcRIQ9adpfx_cg,https://www.google.com/maps/search/?api=1&query=Fix%20%26%20Go%20Aut%C3%B3szerviz%20(English%20speaking%20team)&query_place_id=ChIJy-YB1AjcQUcRIQ9adpfx_cg,műszaki vizsga
"Dinamit Kipufogó Tuning, Szervíz",Autószerelő,"Budapest, Nagyvárad u. 16, 1162 Magyarország",Budapest,XVI. kerület,1162,+36 1 401 0242,kipufogo@dinamit-dob.hu,kipufogo@dinamit-dob.hu;kipugofo@dinamit-dob.hu,http://www.dinamit-dob.hu/,dinamit-dob.hu,4.8,222,270.0,ChIJHWHGst3EQUcRIM5Az9D0ICw,https://www.google.com/maps/search/?api=1&query=Dinamit%20Kipufog%C3%B3%20Tuning%2C%20Szerv%C3%ADz&query_place_id=ChIJHWHGst3EQUcRIM5Az9D0ICw,gumi csere
Mj-Car Szerviz Műszaki vizsgabázis Légrugó specialista,Autójavító,"Budapest, Posztógyár u. 8, 1211 Magyarország",Budapest,XXI. kerület,1211,+36 20 293 1663,szerviz@mjcar.hu,szerviz@mjcar.hu,http://mjcar.hu/,mjcar.hu,4.5,224,269.0,ChIJbZRxa-znQUcRza7khhovsQQ,https://www.google.com/maps/search/?api=1&query=Mj-Car%20Szerviz%20M%C5%B1szaki%20vizsgab%C3%A1zis%20L%C3%A9grug%C3%B3%20specialista&query_place_id=ChIJbZRxa-znQUcRza7khhovsQQ,autó szerviz
Buda Gumi,Gumiabroncs-szaküzlet,"Budapest, Mészáros u. 19, 1016 Magyarország",Budapest,I. kerület,1016,+36 70 380 7618,info@budagumi.hu,info@budagumi.hu;budagumi@budagumi.hu,http://www.budagumi.hu/,budagumi.hu,4.6,223,269.0,ChIJF-OatyXcQUcRrOO121c0VS8,https://www.google.com/maps/search/?api=1&query=Buda%20Gumi&query_place_id=ChIJF-OatyXcQUcRrOO121c0VS8,gumi csere
Gépjármű Unió Kft.,Autóellenőrző állomás,"Budapest, Tatai u. 3/b, 1142 Magyarország",Budapest,XIV. kerület,1142,+36 20 465 0873,gepjarmuunio@gmail.com,gepjarmuunio@gmail.com,http://gepjarmuunio.hu/,gepjarmuunio.hu,4.8,216,264.0,ChIJ52vH25nbQUcRHy-EjY4J_08,https://www.google.com/maps/search/?api=1&query=G%C3%A9pj%C3%A1rm%C5%B1%20Uni%C3%B3%20Kft.&query_place_id=ChIJ52vH25nbQUcRHy-EjY4J_08,autószerviz
Zugló Gumi,Autógumi,"Budapest, Pillangó u. 15, 1149 Magyarország",Budapest,XIV. kerület,1149,+36 30 573 4071,info@zuglogumi.hu,info@zuglogumi.hu;nfh@nfh.hu;bekelteto.testulet@bkik.hu;ugyfelszolgalat@naih.hu,http://zuglogumi.hu/,zuglogumi.hu,4.4,218,262.0,ChIJ1WlVJYbdQUcR37Ommevvkgk,https://www.google.com/maps/search/?api=1&query=Zugl%C3%B3%20Gumi&query_place_id=ChIJ1WlVJYbdQUcR37Ommevvkgk,gumiszerviz
Eredetiségvizsgálat 3 kerület,Autóellenőrző állomás,"Budapest, Rákóczi u. 1, 1039 Magyarország",Budapest,III. kerület,1039,+36 70 885 9005,vinpresidentkft@gmail.com,vinpresidentkft@gmail.com;ugyfelszolgalat@profitarhely.hu,https://eredetisegvizsgalat3ker.hu/,eredetisegvizsgalat3ker.hu,4.7,214,261.0,ChIJcSP7IsDZQUcRAlrRIte_Cz0,https://www.google.com/maps/search/?api=1&query=Eredetis%C3%A9gvizsg%C3%A1lat%203%20ker%C3%BClet&query_place_id=ChIJcSP7IsDZQUcRAlrRIte_Cz0,műszaki vizsga
Auto-Szum Kft. Műszaki Vizsga és Szerviz,Autószerelő,"Budapest, Perényi Zsigmond u. 12, 1047 Magyarország",Budapest,IV. kerület,1047,+36 70 507 6983,info@autoszum.hu,info@autoszum.hu;support@tarhely.eu,http://autoszum.hu/muszaki-vizsgaztatas-4-kerulet/,autoszum.hu,4.8,209,257.0,ChIJZVRCsyPaQUcRKC_aMGxiAgM,https://www.google.com/maps/search/?api=1&query=Auto-Szum%20Kft.%20M%C5%B1szaki%20Vizsga%20%C3%A9s%20Szerviz&query_place_id=ChIJZVRCsyPaQUcRKC_aMGxiAgM,autó szerviz
"Bogyisz Kft. - Klíma, ventilátor, hővisszanyerő és központi porszívó szaküzlet",Klíma- és fűtésszerelő,"Budapest, Timót u. 4a, 1097 Magyarország",Budapest,IX. kerület,1097,+36 1 215 1662,info@bogyisz.hu,info@bogyisz.hu;rendeles@bogyisz.hu;ugyfelszolgalat@mnb.hu,https://bogyisz.hu/,bogyisz.hu,4.6,207,253.0,ChIJsZG1OlfcQUcR7QtS8RGWbLE,https://www.google.com/maps/search/?api=1&query=Bogyisz%20Kft.%20-%20Kl%C3%ADma%2C%20ventil%C3%A1tor%2C%20h%C5%91visszanyer%C5%91%20%C3%A9s%20k%C3%B6zponti%20porsz%C3%ADv%C3%B3%20szak%C3%BCzlet&query_place_id=ChIJsZG1OlfcQUcR7QtS8RGWbLE,autóklíma szerviz
Balassa Autó- és Gumiszerviz Kft,Autójavító,"Budapest, Kassa u. 2, 1204 Magyarország",Budapest,XX. kerület,1204,+36 1 283 3189,info@balassagumi.hu,info@balassagumi.hu;info@akamoto.hu,http://www.balassagumi.hu/,balassagumi.hu,4.8,202,250.0,ChIJgdIqY5jCQUcR11rzA9U8RQ8,https://www.google.com/maps/search/?api=1&query=Balassa%20Aut%C3%B3-%20%C3%A9s%20Gumiszerviz%20Kft&query_place_id=ChIJgdIqY5jCQUcR11rzA9U8RQ8,autó szerviz
Dani Autóklíma Kft - klíma és fűtésszerelő,Klíma- és fűtésszerelő,"Budapest, Kölcsey u. 39, 1202 Magyarország",Budapest,XX. kerület,1202,+36 70 674 6328,daniautoklima@gmail.com,daniautoklima@gmail.com,https://daniautoklima.hu/,daniautoklima.hu,4.6,203,249.0,ChIJEXwUrL7CQUcRxw6OPYT4XLU,https://www.google.com/maps/search/?api=1&query=Dani%20Aut%C3%B3kl%C3%ADma%20Kft%20-%20kl%C3%ADma%20%C3%A9s%20f%C5%B1t%C3%A9sszerel%C5%91&query_place_id=ChIJEXwUrL7CQUcRxw6OPYT4XLU,autóklíma szerviz
Eredetiségvizsgálat - Eredetvizsga - Eredetvizsgálat,Gépjármű-ügyintézés,"Budapest, Zay út 5, 1037 Magyarország",Budapest,III. kerület,1037,+36 30 114 5797,info@eredetisegvizsgas.hu,info@eredetisegvizsgas.hu,https://www.eredetisegvizsgas.hu/,eredetisegvizsgas.hu,5.0,196,246.0,ChIJkVEeRVjZQUcR5HEdxvMvXi0,https://www.google.com/maps/search/?api=1&query=Eredetis%C3%A9gvizsg%C3%A1lat%20-%20Eredetvizsga%20-%20Eredetvizsg%C3%A1lat&query_place_id=ChIJkVEeRVjZQUcR5HEdxvMvXi0,műszaki vizsga
"Jármű Mechanika Kft. - autószervíz, kuplungfelújítás, tengelykitámasztó felújítás, fékpofa betétezés",Sofőrszolgálat,"Budapest, Besence u. 8, 1186 Magyarország",Budapest,XVIII. kerület,1186,+36 1 294 2454,jarmumechanika@gmail.com,jarmumechanika@gmail.com,http://www.jarmumechanika.hu/,jarmumechanika.hu,4.7,198,245.0,ChIJA4rUDHHCQUcRKJvPIZYzJOM,https://www.google.com/maps/search/?api=1&query=J%C3%A1rm%C5%B1%20Mechanika%20Kft.%20-%20aut%C3%B3szerv%C3%ADz%2C%20kuplungfel%C3%BAj%C3%ADt%C3%A1s%2C%20tengelykit%C3%A1maszt%C3%B3%20fel%C3%BAj%C3%ADt%C3%A1s%2C%20f%C3%A9kpofa%20bet%C3%A9tez%C3%A9s&query_place_id=ChIJA4rUDHHCQUcRKJvPIZYzJOM,autószerviz
Kövesdán Kft.,Autószerelő,"Budapest, Hajó u. 1, 1221 Magyarország",Budapest,XXII. kerület,1221,+36 70 450 0560,info@kovesdan.hu,info@kovesdan.hu,http://www.kovesdan.hu/,kovesdan.hu,4.5,199,244.0,ChIJbbGHGZvnQUcRZ33FBHV6wmk,https://www.google.com/maps/search/?api=1&query=K%C3%B6vesd%C3%A1n%20Kft.&query_place_id=ChIJbbGHGZvnQUcRZ33FBHV6wmk,műszaki vizsga
Sárga Gumi,Gumiabroncs-szaküzlet,"Budapest, Szállító u. 4, 1211 Magyarország",Budapest,XXI. kerület,1211,+36 20 358 8056,info@akciosgumiabroncs.hu,info@akciosgumiabroncs.hu,http://www.akciosgumiabroncs.hu/,akciosgumiabroncs.hu,4.6,195,241.0,ChIJpbtkrUTdQUcRUee3v7jfY28,https://www.google.com/maps/search/?api=1&query=S%C3%A1rga%20Gumi&query_place_id=ChIJpbtkrUTdQUcRUee3v7jfY28,gumi csere
Kámán-Budafok Autójavító Kft.,Autójavító,"Budapest, Borkő u. 7/a, 1222 Magyarország",Budapest,XXII. kerület,1222,+36 1 227 7076,info@kamanautoszerviz.hu,info@kamanautoszerviz.hu,https://www.kamanautoszerviz.hu/,kamanautoszerviz.hu,4.9,191,240.0,ChIJ91GapqTnQUcRsT1mov94isY,https://www.google.com/maps/search/?api=1&query=K%C3%A1m%C3%A1n-Budafok%20Aut%C3%B3jav%C3%ADt%C3%B3%20Kft.&query_place_id=ChIJ91GapqTnQUcRsT1mov94isY,autó szerviz
"Premium Car Design - Tuning, Felnik, Kipufogó, Hanggenerátor, Autófóliázás",Autótuning-szolgáltatás,"Budapest, Bulcsú u. 21a, 1134 Magyarország",Budapest,XIII. kerület,1134,+36 30 952 7506,info@premiumcardesign.hu,info@premiumcardesign.hu;premium.autodesign@gmail.com;info@kmak.hu,http://www.premiumcardesign.hu/,premiumcardesign.hu,4.9,191,240.0,ChIJWUexQfXbQUcRHvz2606BuP4,https://www.google.com/maps/search/?api=1&query=Premium%20Car%20Design%20-%20Tuning%2C%20Felnik%2C%20Kipufog%C3%B3%2C%20Hanggener%C3%A1tor%2C%20Aut%C3%B3f%C3%B3li%C3%A1z%C3%A1s&query_place_id=ChIJWUexQfXbQUcRHvz2606BuP4,fék javítás
Marsopont,Gumiabroncs-szaküzlet,"Budapest, Zay út 5, 1037 Magyarország",Budapest,III. kerület,1037,+36 1 268 6610,ugyfelszolgalat@marso.hu,ugyfelszolgalat@marso.hu,http://www.marso.hu/,marso.hu,4.5,193,238.0,ChIJrxgJXm3ZQUcRYflEe9qRZjI,https://www.google.com/maps/search/?api=1&query=Marsopont&query_place_id=ChIJrxgJXm3ZQUcRYflEe9qRZjI,gumiszerviz
Marsopont,Gumiabroncs-szaküzlet,"Budapest, Városkapu u. 3, 1152 Magyarország",Budapest,XV. kerület,1152,+36 42 204 080,ugyfelszolgalat@marso.hu,ugyfelszolgalat@marso.hu,https://www.marso.hu/szervizek/marsopont-budapest-xv-kerulet,marso.hu,4.5,193,238.0,ChIJ10EnruXbQUcRol19ckNfguk,https://www.google.com/maps/search/?api=1&query=Marsopont&query_place_id=ChIJ10EnruXbQUcRol19ckNfguk,gumi csere
Bollók & B.Kft.,Gumiabroncs-szaküzlet,"Budapest, Elem u. 3, 1045 Magyarország",Budapest,IV. kerület,1045,+36 1 369 3369,bollokkft@gmail.com,bollokkft@gmail.com,http://www.autoallapotfelmeres.hu/,autoallapotfelmeres.hu,4.6,191,237.0,ChIJR1P7kU3aQUcR274AzedhSvI,https://www.google.com/maps/search/?api=1&query=Boll%C3%B3k%20%26%20B.Kft.&query_place_id=ChIJR1P7kU3aQUcR274AzedhSvI,autó szerviz
Profi motorszerviz,Motorkerékpár-szerelő műhely,"Budapest, Egressy út 17-21, 1149 Magyarország",Budapest,XIV. kerület,1149,+36 70 207 7298,info@profimotorszerviz.hu,info@profimotorszerviz.hu;kepzes@profimotorszerviz.hu;motorvasarlas@profimotorszerviz.hu,http://www.profimotorszerviz.hu/,profimotorszerviz.hu,4.0,194,234.0,ChIJgR9M-OPdQUcRbNgFF-eWD4Y,https://www.google.com/maps/search/?api=1&query=Profi%20motorszerviz&query_place_id=ChIJgR9M-OPdQUcRbNgFF-eWD4Y,fék javítás
Autómentés 0-24,Vontatási szolgáltatás,"Budapest, Nagyréde u. 92, 1172 Magyarország",Budapest,XVII. kerület,1172,+36 20 552 4953,csurok.zsolt.norbert@gmail.com,csurok.zsolt.norbert@gmail.com,http://024automento.hu/,024automento.hu,4.9,182,231.0,ChIJM4Wrw7_GQUcRnrs-SfPqEow,https://www.google.com/maps/search/?api=1&query=Aut%C3%B3ment%C3%A9s%200-24&query_place_id=ChIJM4Wrw7_GQUcRnrs-SfPqEow,autómentés
Óbudai AUTO+DOKI,Autószerelő,"Budapest, Ország út 8, 1038 Magyarország",Budapest,III. kerület,1038,+36 20 916 1111,pest@auto-doki.hu,query@finances.com;pest@auto-doki.hu;buda@auto-doki.hu;ujbuda@auto-doki.hu,http://auto-doki.hu/,auto-doki.hu,4.6,184,230.0,ChIJC42p62ncQUcRGq1XF_FTFrw,https://www.google.com/maps/search/?api=1&query=%C3%93budai%20AUTO%2BDOKI&query_place_id=ChIJC42p62ncQUcRGq1XF_FTFrw,autószerviz
Gumiflex,Gumiabroncs-szaküzlet,"Budapest, Fehérvári út 160, 1116 Magyarország",Budapest,XI. kerület,1116,+36 1 215 6968,info@gumiflex.hu,info@gumiflex.hu;budapest@gumiflex.hu;erzsebet.bagdi@gumiflex.hu;andrea.jurinka@gumiflex.hu;ugyfelszolgalat@mnb.hu,https://gumiflex.hu/szerviz/budapest-fehervari-ut/,gumiflex.hu,4.5,185,230.0,ChIJI5W9EZvdQUcRwpYNGGbB0cE,https://www.google.com/maps/search/?api=1&query=Gumiflex&query_place_id=ChIJI5W9EZvdQUcRwpYNGGbB0cE,gumi csere
RGB Gumi Kft.,Gumiabroncs-szaküzlet,"Budapest, Üllői út 621, 1182 Magyarország",Budapest,XVIII. kerület,1182,+36 1 609 0000,info@gumi18.hu,info@gumi18.hu;info@webjelenlet.hu,http://www.gumi18.hu/,gumi18.hu,4.7,180,227.0,ChIJC75ZrV3BQUcRYFOywNaTZxU,https://www.google.com/maps/search/?api=1&query=RGB%20Gumi%20Kft.&query_place_id=ChIJC75ZrV3BQUcRYFOywNaTZxU,gumi csere
0-24 Comfort Mobil Gumiszerviz Óbuda,Autógumi,"Budapest, Csobánka tér 2-6/62, 1039 Magyarország",Budapest,III. kerület,1039,+36 30 168 0565,comfortgumiszerviz@gmail.com,comfortgumiszerviz@gmail.com,http://comfortgumiszerviz.hu/,comfortgumiszerviz.hu,5.0,175,225.0,ChIJDYt9dNbZQUcRXZ4GCQ1rwGc,https://www.google.com/maps/search/?api=1&query=0-24%20Comfort%20Mobil%20Gumiszerviz%20%C3%93buda&query_place_id=ChIJDYt9dNbZQUcRXZ4GCQ1rwGc,gyors szerviz
Csuzdi Klíma Kft. Klímatisztítás - Klímaszerelés,Klíma- és fűtésszerelő,"Budapest, István u. 10, 1078 Magyarország",Budapest,VII. kerület,1078,+36 30 350 2776,info@csuzdiklima.hu,info@csuzdiklima.hu,https://csuzdiklima.hu/,csuzdiklima.hu,5.0,169,219.0,ChIJ--Qvqsk0aYMRPb3D4_71KyM,https://www.google.com/maps/search/?api=1&query=Csuzdi%20Kl%C3%ADma%20Kft.%20Kl%C3%ADmatiszt%C3%ADt%C3%A1s%20-%20Kl%C3%ADmaszerel%C3%A9s&query_place_id=ChIJ--Qvqsk0aYMRPb3D4_71KyM,autóklíma szerviz
Kámfor-Autó Gyorsszerviz,Autószerelő,"Budapest, Kámfor u. 19, 1131 Magyarország",Budapest,XIII. kerület,1131,+36 30 593 9696,kamforauto@gmail.com,kamforauto@gmail.com;ugyfelszolgalat@profitarhely.hu,https://kamforauto.hu/,kamforauto.hu,4.9,168,217.0,ChIJC5L7yrbbQUcRti6qbl1yEug,https://www.google.com/maps/search/?api=1&query=K%C3%A1mfor-Aut%C3%B3%20Gyorsszerviz&query_place_id=ChIJC5L7yrbbQUcRti6qbl1yEug,autószerviz
"Botos Autószerviz, autószerelő Budapest 3. kerület",Autószerelő,"Budapest, Szőlőkert köz 9, 1033 Magyarország",Budapest,III. kerület,1033,+36 30 951 5737,szerviz@botosautoszerviz.hu,botosauto@t-online.hu;szerviz@botosautoszerviz.hu,https://www.botosautoszerviz.hu/,botosautoszerviz.hu,4.7,169,216.0,ChIJD5rw_VvZQUcRnOX3r1sJyIA,https://www.google.com/maps/search/?api=1&query=Botos%20Aut%C3%B3szerviz%2C%20aut%C3%B3szerel%C5%91%20Budapest%203.%20ker%C3%BClet&query_place_id=ChIJD5rw_VvZQUcRnOX3r1sJyIA,autószerviz
"Hotgumi Kft- Gumiszerviz , Gumiszerelés, gyári alufelnik javítása, keréktárolás",Autógumi,"Budapest, Fóti út 81, 1047 Magyarország",Budapest,IV. kerület,1047,+36 70 318 5361,info@hotgumi.hu,info@hotgumi.hu,http://hotgumi.hu/,hotgumi.hu,4.3,170,213.0,ChIJ0VkC7xbaQUcRpekf5rWZxh0,https://www.google.com/maps/search/?api=1&query=Hotgumi%20Kft-%20Gumiszerviz%20%2C%20Gumiszerel%C3%A9s%2C%20gy%C3%A1ri%20alufelnik%20jav%C3%ADt%C3%A1sa%2C%20ker%C3%A9kt%C3%A1rol%C3%A1s&query_place_id=ChIJ0VkC7xbaQUcRpekf5rWZxh0,gumiszerviz
Start Autójavító - Car Service (English speaking professionals),Autószerelő,"Budapest, Gyöngyösi u. 84, 1131 Magyarország",Budapest,XIII. kerület,1131,+36 30 466 6776,startautojavito@gmail.com,startautojavito@gmail.com,https://startautojavito.hu/,startautojavito.hu,4.5,167,212.0,ChIJT7T56gPDQUcRpUjBxJXWW3M,https://www.google.com/maps/search/?api=1&query=Start%20Aut%C3%B3jav%C3%ADt%C3%B3%20-%20Car%20Service%20(English%20speaking%20professionals)&query_place_id=ChIJT7T56gPDQUcRpUjBxJXWW3M,autószerviz
Műszaki vizsga Eredetvizsga,Autójavító,"Budapest, Üllői út 621, 1182 Magyarország",Budapest,XVIII. kerület,1182,+36 30 992 9015,komplettautojavitokft@t-online.hu,komplettautojavitokft@t-online.hu,https://autoszerviz-muszakivizsgabazis.hu/,autoszerviz-muszakivizsgabazis.hu,4.9,162,211.0,ChIJzbisTzzCQUcR7R4raJ3nv6A,https://www.google.com/maps/search/?api=1&query=M%C5%B1szaki%20vizsga%20Eredetvizsga&query_place_id=ChIJzbisTzzCQUcR7R4raJ3nv6A,gyors szerviz
Hegron Car Autószerviz,Autójavító,"Budapest, Gubacsi út 23, 1097 Magyarország",Budapest,IX. kerület,1097,+36 1 216 1987,info@hegron.hu,info@hegron.hu,http://hegron.hu/,hegron.hu,4.6,165,211.0,ChIJc7fqJRjdQUcR7ybbrRVbj_k,https://www.google.com/maps/search/?api=1&query=Hegron%20Car%20Aut%C3%B3szerviz&query_place_id=ChIJc7fqJRjdQUcR7ybbrRVbj_k,műszaki vizsga
Gomma kft,Gumiabroncs-szaküzlet,"Budapest, Helsinki út 106, 1238 Magyarország",Budapest,XXIII. kerület,1238,+36 30 994 3581,info@gomma.hu,info@gomma.hu,http://gomma.hu/kapcsolat.html,gomma.hu,4.6,163,209.0,ChIJSVqLphvoQUcRzATLohCkaAw,https://www.google.com/maps/search/?api=1&query=Gomma%20kft&query_place_id=ChIJSVqLphvoQUcRzATLohCkaAw,gumiszerviz
M5 Autószerviz Kft.,Autójavító,"Budapest, Ipacsfa u. 12, 1181 Magyarország",Budapest,XVIII. kerület,1181,+36 1 294 5893,m5autoszerviz@gmail.com,m5autoszerviz@gmail.com,http://www.m5m.hu/,m5m.hu,4.7,160,207.0,ChIJ8yZT53LCQUcRkpv7UFdGEYQ,https://www.google.com/maps/search/?api=1&query=M5%20Aut%C3%B3szerviz%20Kft.&query_place_id=ChIJ8yZT53LCQUcRkpv7UFdGEYQ,autó szerviz
Profil DC. Bt.,Autószerelő,"Budapest, Szabóky Rezső u. 18, 1238 Magyarország",Budapest,XXIII. kerület,1238,+36 30 491 2020,info@webtar.hu,szervokormanymu@gmail.com;info@webtar.hu,http://www.kormanymu.hu/,kormanymu.hu,4.6,159,205.0,ChIJC3EzEDjoQUcRnE7xGsDE5EM,https://www.google.com/maps/search/?api=1&query=Profil%20DC.%20Bt.&query_place_id=ChIJC3EzEDjoQUcRnE7xGsDE5EM,műszaki vizsga
Duna Autó Peugeot,Autószerelő,"Budapest, Szőlőkert u. 8, 1037 Magyarország",Budapest,III. kerület,1037,+36 1 801 4010,info@dunaauto.hu,info@dunaauto.hu,http://dunaauto.hu/peugeot,dunaauto.hu,4.3,159,202.0,ChIJS9mo3nLZQUcRQxR-cIrHiys,https://www.google.com/maps/search/?api=1&query=Duna%20Aut%C3%B3%20Peugeot&query_place_id=ChIJS9mo3nLZQUcRQxR-cIrHiys,autó szerviz
LESTI AKKU Akkumulátor Szaküzlet és Szerviz,Akkumulátorbolt,"Budapest, Nagykőrösi út 4, 1188 Magyarország",Budapest,XVIII. kerület,1188,+36 20 438 8762,lesti.laszlo@lestiakku.hu,lesti.laszlo@lestiakku.hu;support@webonic.hu,http://lestiakku.hu/,lestiakku.hu,4.6,156,202.0,ChIJrf-SIeHpQUcRFE830CCTyhM,https://www.google.com/maps/search/?api=1&query=LESTI%20AKKU%20Akkumul%C3%A1tor%20Szak%C3%BCzlet%20%C3%A9s%20Szerviz&query_place_id=ChIJrf-SIeHpQUcRFE830CCTyhM,autó szerviz
Tímár Motors Kft.,Autójavító,"Budapest, Irányi Dániel u. 2, 1047 Magyarország",Budapest,IV. kerület,1047,+36 30 940 3358,timarmotors@timarmotors.hu,timarmotors@timarmotors.hu,http://www.timarmotors.hu/,timarmotors.hu,4.5,154,199.0,ChIJsZg_GRnaQUcRub4Rqwx_J9U,https://www.google.com/maps/search/?api=1&query=T%C3%ADm%C3%A1r%20Motors%20Kft.&query_place_id=ChIJsZg_GRnaQUcRub4Rqwx_J9U,autó szerviz
Dr. FÉNY autófényező és karosszériajavító - az intelligens autójavítás!,Autójavító,"Budapest, Csillaghegyi út 23, 1037 Magyarország",Budapest,III. kerület,1037,+36 30 947 4056,info@drfeny.hu,info@drfeny.hu,http://drfeny.hu/,drfeny.hu,4.9,149,198.0,ChIJPW5r0ivZQUcRdUAyC1DbxQE,https://www.google.com/maps/search/?api=1&query=Dr.%20F%C3%89NY%20aut%C3%B3f%C3%A9nyez%C5%91%20%C3%A9s%20karossz%C3%A9riajav%C3%ADt%C3%B3%20-%20az%20intelligens%20aut%C3%B3jav%C3%ADt%C3%A1s!&query_place_id=ChIJPW5r0ivZQUcRdUAyC1DbxQE,autójavítás
Zsó-Autópark Kft.,Autószerelő,"Budapest, Rákospalotai határút 145, 1162 Magyarország",Budapest,XVI. kerület,1162,+36 20 939 3949,autojavit@gmail.com,autojavit@gmail.com,http://www.autojavitas.net/,autojavitas.net,4.8,150,198.0,ChIJg_pm5SrbQUcREZPRZ_5e88o,https://www.google.com/maps/search/?api=1&query=Zs%C3%B3-Aut%C3%B3park%20Kft.&query_place_id=ChIJg_pm5SrbQUcREZPRZ_5e88o,autójavítás
Eredetvizsga állomás II. kerület Vin Best,Autóellenőrző állomás,"Budapest, Alsó Törökvész út 5, 1022 Magyarország",Budapest,II. kerület,1022,+36 70 242 9575,info@eredetvizsga-budapest.hu,info@eredetvizsga-budapest.hu,http://www.eredetvizsga-budapest.hu/,eredetvizsga-budapest.hu,4.9,148,197.0,ChIJFYCCC0bfQUcRo9jbMBvfZvo,https://www.google.com/maps/search/?api=1&query=Eredetvizsga%20%C3%A1llom%C3%A1s%20II.%20ker%C3%BClet%20Vin%20Best&query_place_id=ChIJFYCCC0bfQUcRo9jbMBvfZvo,műszaki vizsga
"Extra Auto Kft. - autószerviz, műszaki vizsga, autóriasztó, autóklíma, ózonos fertőtlenítés",Autószerelő,"Budapest, Temesvár u. 19-21, 1116 Magyarország",Budapest,XI. kerület,1116,+36 30 991 4063,extraautokft@gmail.com,extraautokft@gmail.com,https://extraautoszerviz.hu/,extraautoszerviz.hu,4.8,148,196.0,ChIJlTeKdq3dQUcREJs0e-BqtzU,https://www.google.com/maps/search/?api=1&query=Extra%20Auto%20Kft.%20-%20aut%C3%B3szerviz%2C%20m%C5%B1szaki%20vizsga%2C%20aut%C3%B3riaszt%C3%B3%2C%20aut%C3%B3kl%C3%ADma%2C%20%C3%B3zonos%20fert%C5%91tlen%C3%ADt%C3%A9s&query_place_id=ChIJlTeKdq3dQUcREJs0e-BqtzU,autóklíma szerviz
Klíma Tiszt,Klíma- és fűtésszerelő,"Budapest, Rátz László u. 52, 1119 Magyarország",Budapest,XI. kerület,1119,+36 30 461 8513,info@klimatiszt.hu,info@klimatiszt.hu,http://www.klimatiszt.hu/,klimatiszt.hu,4.9,145,194.0,ChIJ3cY8nwkXQkcRZMy8JbTQlak,https://www.google.com/maps/search/?api=1&query=Kl%C3%ADma%20Tiszt&query_place_id=ChIJ3cY8nwkXQkcRZMy8JbTQlak,autóklíma szerviz
Car-Őr,Autóriasztók,"Budapest, Csömöri út 203, 1162 Magyarország",Budapest,XVI. kerület,1162,+36 20 591 2291,info@caror.hu,info@caror.hu,http://www.caror.hu/,caror.hu,4.8,145,193.0,ChIJUe316NHEQUcR-wId7Rao5wY,https://www.google.com/maps/search/?api=1&query=Car-%C5%90r&query_place_id=ChIJUe316NHEQUcR-wId7Rao5wY,autó szerviz
Campona gumiszerviz,Autógumi,"Budapest, Nagytétényi út 37-43, 1223 Magyarország",Budapest,XXII. kerület,,+36 70 602 2336,camponagumi@gmail.com,camponagumi@gmail.com,https://camponagumi.hu/,camponagumi.hu,4.5,146,191.0,ChIJExip_annQUcRFASFVShDo6A,https://www.google.com/maps/search/?api=1&query=Campona%20gumiszerviz&query_place_id=ChIJExip_annQUcRFASFVShDo6A,gumiszerviz
Mobilgumis- nonstop,Autógumi,"Budapest, Bécsi út 321, fsz 1, 1037 Magyarország",Budapest,III. kerület,1037,+36 70 619 5491,mobilgumisom@gmail.com,mobilgumisom@gmail.com,https://mobilgumisom.hu/,mobilgumisom.hu,4.9,140,189.0,ChIJv5p3H53ZQUcROstVVRlSyp4,https://www.google.com/maps/search/?api=1&query=Mobilgumis-%20nonstop&query_place_id=ChIJv5p3H53ZQUcROstVVRlSyp4,gumiszerviz
Véműhely Amerikai és Márkafüggetlen Autószerviz.,Autószerelő,"Budapest, Egressy út 25, 1149 Magyarország",Budapest,XIV. kerület,1149,+36 20 418 3006,info@vmuhely.hu,info@vmuhely.hu,https://vmuhely.hu/,vmuhely.hu,4.7,142,189.0,ChIJF0OzjD3dQUcRDbJ_RMUZXJk,https://www.google.com/maps/search/?api=1&query=V%C3%A9m%C5%B1hely%20Amerikai%20%C3%A9s%20M%C3%A1rkaf%C3%BCggetlen%20Aut%C3%B3szerviz.&query_place_id=ChIJF0OzjD3dQUcRDbJ_RMUZXJk,műszaki vizsga
Rolling Trade,Sofőrszolgálat,"Budapest, Védgát u. 8, 1215 Magyarország",Budapest,XXI. kerület,1215,+36 1 278 4070,info@rollingtrade.hu,info@rollingtrade.hu,http://www.rollingtrade.hu/,rollingtrade.hu,4.7,140,187.0,ChIJXf1p5FndQUcRgr6dXKwb5Ro,https://www.google.com/maps/search/?api=1&query=Rolling%20Trade&query_place_id=ChIJXf1p5FndQUcRgr6dXKwb5Ro,műszaki vizsga
0-24 Comfort Mobil Gumiszerviz Újbuda,Autógumi,"Budapest, Nándorfejérvári út 8, 1117 Magyarország",Budapest,XI. kerület,1117,+36 30 168 0565,comfortgumiszerviz@gmail.com,comfortgumiszerviz@gmail.com,https://comfortgumiszerviz.hu/,comfortgumiszerviz.hu,5.0,136,186.0,ChIJac3PdyTdQUcRHA-3PizxpK4,https://www.google.com/maps/search/?api=1&query=0-24%20Comfort%20Mobil%20Gumiszerviz%20%C3%9Ajbuda&query_place_id=ChIJac3PdyTdQUcRHA-3PizxpK4,gumi csere
Cordial eredetiségvizsgálat,Autóellenőrző állomás,"Budapest, Üllői út 783, 1182 Magyarország",Budapest,XVIII. kerület,1182,+36 30 330 1366,krisztian.kocsis86@gmail.com,krisztian.kocsis86@gmail.com,https://cordialeredetvizsga.hu/,cordialeredetvizsga.hu,4.9,136,185.0,ChIJ6eX2s0vBQUcR7XD3DC1R6cI,https://www.google.com/maps/search/?api=1&query=Cordial%20eredetis%C3%A9gvizsg%C3%A1lat&query_place_id=ChIJ6eX2s0vBQUcR7XD3DC1R6cI,műszaki vizsga
Ford Rácz Mobil & Saab Service,Autószerelő,"Budapest, Bojtár u. 52, 1037 Magyarország",Budapest,III. kerület,1037,+36 1 368 8661,info@fordracz.hu,info@fordracz.hu,http://fordracz.hu/,fordracz.hu,4.8,136,184.0,ChIJh6TQ0g7ZQUcR4NdC-9i-yZA,https://www.google.com/maps/search/?api=1&query=Ford%20R%C3%A1cz%20Mobil%20%26%20Saab%20Service&query_place_id=ChIJh6TQ0g7ZQUcR4NdC-9i-yZA,autó szerviz
Benefit Autokontroll Kft.,Autóellenőrző állomás,"Budapest, Rákospalotai határút 14, 1158 Magyarország",Budapest,XV. kerület,1158,+36 20 277 9733,benefitkontroll@gmail.com,benefitkontroll@gmail.com,https://benefitauto.hu/,benefitauto.hu,4.8,131,179.0,ChIJd9sIljHbQUcRf4WFjKRDXDk,https://www.google.com/maps/search/?api=1&query=Benefit%20Autokontroll%20Kft.&query_place_id=ChIJd9sIljHbQUcRf4WFjKRDXDk,műszaki vizsga
Krasznai Autó- és gumiszerviz / Stone-Auto Kft.,Autószerelő,"Budapest, Csurgói út 15, 1119 Magyarország",Budapest,XI. kerület,1119,+36 20 565 2105,info@krasznaigumi.hu,info@krasznaigumi.hu,http://www.krasznaigumi.hu/,krasznaigumi.hu,4.7,131,178.0,ChIJSSGOFJrdQUcRqBI2lrRVItc,https://www.google.com/maps/search/?api=1&query=Krasznai%20Aut%C3%B3-%20%C3%A9s%20gumiszerviz%20%2F%20Stone-Auto%20Kft.&query_place_id=ChIJSSGOFJrdQUcRqBI2lrRVItc,gumi csere
Fiat szerviz Budapest,Autószerelő,"Budapest, Bojtár u. 36, 1037 Magyarország",Budapest,III. kerület,1037,+36 30 241 9897,info@watzauto.hu,info@watzauto.hu,http://watzauto.hu/,watzauto.hu,4.6,131,177.0,ChIJByu1qAvZQUcRUmNHBMfFwdc,https://www.google.com/maps/search/?api=1&query=Fiat%20szerviz%20Budapest&query_place_id=ChIJByu1qAvZQUcRUmNHBMfFwdc,autószerviz
"GUMIS, műszaki vizsgálóállomás; gumiabroncs szervíz; műszaki vizsgaállomás; gumicentrum, műszaki vizsga",Gumiszerviz,"Budapest, Fáy u. 16, 1139 Magyarország",Budapest,XIII. kerület,1139,+36 70 575 8674,obudaautotechnik@gmail.com,obudaautotechnik@gmail.com,http://www.gumicentrum.net/,gumicentrum.net,4.6,128,174.0,ChIJQ9GiOMDbQUcRdWXcDerZePY,https://www.google.com/maps/search/?api=1&query=GUMIS%2C%20m%C5%B1szaki%20vizsg%C3%A1l%C3%B3%C3%A1llom%C3%A1s%3B%20gumiabroncs%20szerv%C3%ADz%3B%20m%C5%B1szaki%20vizsga%C3%A1llom%C3%A1s%3B%20gumicentrum%2C%20m%C5%B1szaki%20vizsga&query_place_id=ChIJQ9GiOMDbQUcRdWXcDerZePY,autószerviz
Bosch Car Service - Pryma Autócentrum,Autójavító,"Budapest, Hattyú u. 1, 1015 Magyarország",Budapest,I. kerület,1015,+36 1 201 2643,szerviz@pryma.hu,szerviz@pryma.hu,https://www.pryma.hu/,pryma.hu,4.7,126,173.0,ChIJdRHunB7cQUcRPY1FmMadKwM,https://www.google.com/maps/search/?api=1&query=Bosch%20Car%20Service%20-%20Pryma%20Aut%C3%B3centrum&query_place_id=ChIJdRHunB7cQUcRPY1FmMadKwM,műszaki vizsga
Piros Autószerviz Calor-Daru Kft,Autójavító,"Budapest, Bojtár u. 33, 1037 Magyarország",Budapest,III. kerület,1037,+36 30 951 3068,sozso@piros-autoszerviz.hu,sozso@piros-autoszerviz.hu;sozso@calordaru.hu,https://www.piros-autoszerviz.hu/,piros-autoszerviz.hu,4.7,124,171.0,ChIJvW_5BQvZQUcRQwi7H9epzLg,https://www.google.com/maps/search/?api=1&query=Piros%20Aut%C3%B3szerviz%20Calor-Daru%20Kft&query_place_id=ChIJvW_5BQvZQUcRQwi7H9epzLg,autószerviz
Car-Téka Kft.,Autószerelő,"Budapest, Nagytétényi út 3, 1222 Magyarország",Budapest,XXII. kerület,1222,+36 70 563 1914,cartekakft@gmail.com,cartekakft@gmail.com,http://www.muszakivizsga-22ker.hu/,muszakivizsga-22ker.hu,4.6,124,170.0,ChIJ2XMJM6jnQUcR-7z-sd58MWA,https://www.google.com/maps/search/?api=1&query=Car-T%C3%A9ka%20Kft.&query_place_id=ChIJ2XMJM6jnQUcR-7z-sd58MWA,autószerviz
Pada Trade Kft.,Autóvillamosság,"Budapest, Kölcsey u. 40a, 1188 Magyarország",Budapest,XVIII. kerület,1188,+36 30 961 6336,pada.trade@gmail.com,pada.trade@gmail.com;duzsati@gmail.com,http://autoszerviz18.hu/,autoszerviz18.hu,4.2,127,169.0,ChIJ-7Ypg-TpQUcRKUjFcKU9nQE,https://www.google.com/maps/search/?api=1&query=Pada%20Trade%20Kft.&query_place_id=ChIJ-7Ypg-TpQUcRKUjFcKU9nQE,autóklíma szerviz
0-24 Comfort Mobil Gumiszerviz Angyalföld,Gumiabroncs-szerviz,"Budapest, Kartács u. 8, 1139 Magyarország",Budapest,XIII. kerület,1139,+36 30 168 0565,comfortgumiszerviz@gmail.com,comfortgumiszerviz@gmail.com,https://comfortgumiszerviz.hu/,comfortgumiszerviz.hu,5.0,117,167.0,ChIJb3xWdB3bQUcRDAaOVHkQuvc,https://www.google.com/maps/search/?api=1&query=0-24%20Comfort%20Mobil%20Gumiszerviz%20Angyalf%C3%B6ld&query_place_id=ChIJb3xWdB3bQUcRDAaOVHkQuvc,autó szerviz
Marsopont,Autógumi,"Budapest, Kika parkoló, Bevásárló u. 6, 1238 Magyarország",Budapest,XXIII. kerület,1238,+36 42 204 080,ugyfelszolgalat@marso.hu,ugyfelszolgalat@marso.hu,http://www.marso.hu/,marso.hu,4.2,125,167.0,ChIJB-ypYbTpQUcRnH3vx5TcgtA,https://www.google.com/maps/search/?api=1&query=Marsopont&query_place_id=ChIJB-ypYbTpQUcRnH3vx5TcgtA,gumiszerviz
Wührl és Társai Szerviz Kft.,Autójavító,"Üröm, Ürömi út 12, 2096 Magyarország",Üröm,,2096,+36 26 336 063,info@wservice.hu,wuhrlszerviz@gmail.com;info@wservice.hu,http://www.wservice.hu/,wservice.hu,4.7,119,166.0,ChIJEX2YXkbYQUcRmSLkeKWo3Ts,https://www.google.com/maps/search/?api=1&query=W%C3%BChrl%20%C3%A9s%20T%C3%A1rsai%20Szerviz%20Kft.&query_place_id=ChIJEX2YXkbYQUcRmSLkeKWo3Ts,autószerviz
Autógumi-Futómű Szerviz,Gumiabroncs-szerviz,"Budapest, Krizantém u. 1, 1214 Magyarország",Budapest,XXI. kerület,1214,+36 1 276 0237,valami@rfgumi.hu,valami@rfgumi.hu,https://rfgumi.hu/,rfgumi.hu,4.5,121,166.0,ChIJncXS_cXnQUcRAP19dzdQToQ,https://www.google.com/maps/search/?api=1&query=Aut%C3%B3gumi-Fut%C3%B3m%C5%B1%20Szerviz&query_place_id=ChIJncXS_cXnQUcRAP19dzdQToQ,gumiszerviz
LB Gumi Kft.,Autógumi,"Budapest, Spar parkoló, Damjanich u. 11-15, 1071 Magyarország",Budapest,VII. kerület,1071,+36 1 322 9634,lbgumikft@gmail.com,lbgumikft@gmail.com,http://lbgumi.hu/,lbgumi.hu,4.8,117,165.0,ChIJScb-0WTcQUcR4YH6-Gd6_l4,https://www.google.com/maps/search/?api=1&query=LB%20Gumi%20Kft.&query_place_id=ChIJScb-0WTcQUcR4YH6-Gd6_l4,gumi csere
Kostyál Gumiklinika,Gumiabroncs-szaküzlet,"Budapest, Csalogány u. 34, 1015 Magyarország",Budapest,I. kerület,1015,+36 1 487 2090,kostyal1@gumi-klinika.hu,kostyal1@gumi-klinika.hu;kostyal2@gumi-klinika.hu;kostyal3@gumi-klinika.hu,http://www.gumi-klinika.hu/,gumi-klinika.hu,4.1,122,163.0,ChIJcVuo1R3cQUcR9yTq9iP79WI,https://www.google.com/maps/search/?api=1&query=Kosty%C3%A1l%20Gumiklinika&query_place_id=ChIJcVuo1R3cQUcR9yTq9iP79WI,gumi csere
Halász-Garázs Bt,Gumiabroncs-szaküzlet,"Budapest, Gyöngyösi u. 95, 1138 Magyarország",Budapest,XIII. kerület,1138,+36 70 295 9529,halaszgarazs@halaszgarazs.hu,halaszgarazs@halaszgarazs.hu,http://www.halaszgarazs.hu/,halaszgarazs.hu,4.4,118,162.0,ChIJJ39h2LDbQUcRF6s0gx8beHM,https://www.google.com/maps/search/?api=1&query=Hal%C3%A1sz-Gar%C3%A1zs%20Bt&query_place_id=ChIJJ39h2LDbQUcRF6s0gx8beHM,gumiszerviz
Autószerviz 0-24,Autószerelő,"Budapest, Ifjúmunkás u. 4, 1091 Magyarország",Budapest,IX. kerület,1091,+36 30 912 1234,segitseg@autoszerviz0-24.hu,segitseg@autoszerviz0-24.hu,https://www.autoszerviz0-24.hu/,autoszerviz0-24.hu,4.4,115,159.0,ChIJrde3windQUcR2crYObnQhHE,https://www.google.com/maps/search/?api=1&query=Aut%C3%B3szerviz%200-24&query_place_id=ChIJrde3windQUcR2crYObnQhHE,autójavítás
"Autószerviz Budapest, Váci út - LANZS Kft.",Autójavító,"Budapest, Váci út 39, 1044 Magyarország",Budapest,IV. kerület,1044,+36 1 300 9123,ugyfelszolgalat@lanzs.hu,ugyfelszolgalat@lanzs.hu,https://lanzs.hu/,lanzs.hu,4.9,109,158.0,ChIJTx_Ng63bQUcRxazlAUkuSv4,https://www.google.com/maps/search/?api=1&query=Aut%C3%B3szerviz%20Budapest%2C%20V%C3%A1ci%20%C3%BAt%20-%20LANZS%20Kft.&query_place_id=ChIJTx_Ng63bQUcRxazlAUkuSv4,autószerviz
Nyiry Autójavító,Sofőrszolgálat,"Budapest, Budenz út 4b, 1021 Magyarország",Budapest,II. kerület,1021,+36 70 770 7441,ugyfelszolgalat@datatrans.hu,ugyfelszolgalat@datatrans.hu,https://nyiry-autojavito.hu/,nyiry-autojavito.hu,4.4,114,158.0,ChIJO7N1BtDeQUcRD21Gnw8nwkQ,https://www.google.com/maps/search/?api=1&query=Nyiry%20Aut%C3%B3jav%C3%ADt%C3%B3&query_place_id=ChIJO7N1BtDeQUcRD21Gnw8nwkQ,műszaki vizsga
Csillaghegyi Gumicenter Bt.,Autógumi,"Budapest, Királyok útja 170, 1039 Magyarország",Budapest,III. kerület,1039,+36 1 240 2508,info@csillaghegyi-gumicenter.hu,info@csillaghegyi-gumicenter.hu,http://www.csillaghegyi-gumicenter.hu/,csillaghegyi-gumicenter.hu,4.8,108,156.0,ChIJeZ7OgO_ZQUcRP9dHvaXjU6o,https://www.google.com/maps/search/?api=1&query=Csillaghegyi%20Gumicenter%20Bt.&query_place_id=ChIJeZ7OgO_ZQUcRP9dHvaXjU6o,gumi csere
"Dajkahajó Kft Autójavító műhely, műszaki vizsgálóállomás",Autóellenőrző állomás,"Budapest, Alsó határút 173, 1204 Magyarország",Budapest,XX. kerület,1204,+36 70 312 7650,info@dajkahajo.hu,info@dajkahajo.hu,http://www.dajkahajo.hu/,dajkahajo.hu,4.6,109,155.0,ChIJy5YL25zCQUcRx2_LmnXZavo,https://www.google.com/maps/search/?api=1&query=Dajkahaj%C3%B3%20Kft%20Aut%C3%B3jav%C3%ADt%C3%B3%20m%C5%B1hely%2C%20m%C5%B1szaki%20vizsg%C3%A1l%C3%B3%C3%A1llom%C3%A1s&query_place_id=ChIJy5YL25zCQUcRx2_LmnXZavo,autó szerviz
"Sprint Autóklinika Kft. | Márkafüggetlen szakszerviz, Karosszéria javítás, autófényezés",Autószerelő,"Budapest, Bojtár u. 36, 1037 Magyarország",Budapest,III. kerület,1037,+36 70 338 3593,szerviz@sprintautoklinika.hu,szerviz@sprintautoklinika.hu;karosszeria@sprintautoklinika.hu;todor@sprintautoklinika.hu;ugyfelszolgalat@profitarhely.hu,http://www.sprintautoklinika.hu/,sprintautoklinika.hu,4.9,105,154.0,ChIJVWr9XgrZQUcR-gMbWI1MLB4,https://www.google.com/maps/search/?api=1&query=Sprint%20Aut%C3%B3klinika%20Kft.%20%7C%20M%C3%A1rkaf%C3%BCggetlen%20szakszerviz%2C%20Karossz%C3%A9ria%20jav%C3%ADt%C3%A1s%2C%20aut%C3%B3f%C3%A9nyez%C3%A9s&query_place_id=ChIJVWr9XgrZQUcR-gMbWI1MLB4,autó szerviz
Barkász Márkafüggetlen Autószerviz és Vizsgaállomás - Barkasz Car Service Company,Autószerelő,"Budapest, Nóra u. 11, 1028 Magyarország",Budapest,II. kerület,1028,+36 30 799 9505,info@barkaszauto.hu,info@barkaszauto.hu;barkasz.gabor@barkaszauto.hu;info@elin.hu,https://barkaszauto.hu/,barkaszauto.hu,4.8,106,154.0,ChIJoylqDXPZQUcRSu9NeRoa3SM,https://www.google.com/maps/search/?api=1&query=Bark%C3%A1sz%20M%C3%A1rkaf%C3%BCggetlen%20Aut%C3%B3szerviz%20%C3%A9s%20Vizsga%C3%A1llom%C3%A1s%20-%20Barkasz%20Car%20Service%20Company&query_place_id=ChIJoylqDXPZQUcRSu9NeRoa3SM,autószerviz
"ORIGIN CARS - HONDA AUTÓSZERVIZ ÉS TUNING, EREDETVIZSGÁLAT, AUTÓKLÍMA TÖLTÉS – JAVÍTÁS",Autószerelő,"Budapest, Ady Endre út 110/B, 1215 Magyarország",Budapest,XXI. kerület,1215,+36 70 652 1558,info@origincars.hu,info@origincars.hu,http://www.origincars.hu/,origincars.hu,5.0,104,154.0,ChIJv77YGY3dQUcR88pTpnnYWnM,https://www.google.com/maps/search/?api=1&query=ORIGIN%20CARS%20-%20HONDA%20AUT%C3%93SZERVIZ%20%C3%89S%20TUNING%2C%20EREDETVIZSG%C3%81LAT%2C%20AUT%C3%93KL%C3%8DMA%20T%C3%96LT%C3%89S%20%E2%80%93%20JAV%C3%8DT%C3%81S&query_place_id=ChIJv77YGY3dQUcR88pTpnnYWnM,autóklíma szerviz
Félóra Gyorsszerviz,Autószerelő,"Budapest, Batthyány u. 68, 1039 Magyarország",Budapest,III. kerület,1039,+36 20 235 2030,felorakft@gmail.com,felorakft@gmail.com,http://feloraszerviz.hu/,feloraszerviz.hu,4.6,107,153.0,ChIJ7Ubzx9zZQUcRISXn9Pol1Wg,https://www.google.com/maps/search/?api=1&query=F%C3%A9l%C3%B3ra%20Gyorsszerviz&query_place_id=ChIJ7Ubzx9zZQUcRISXn9Pol1Wg,autó szerviz
Bihari Tibor e.v.,Autószerelő,"Budapest, Üllői út 786, 1185 Magyarország",Budapest,XVIII. kerület,1185,+36 30 944 1288,bihariautoklinika@invitel.hu,bihariautoklinika@invitel.hu;bihariautoklinika@digikabel.hu;bihariautoklinika@outlook.hu,http://www.bihariautoklinika.hu/,bihariautoklinika.hu,4.1,110,151.0,ChIJmbdUqevBQUcRE4gQVcR9lP8,https://www.google.com/maps/search/?api=1&query=Bihari%20Tibor%20e.v.&query_place_id=ChIJmbdUqevBQUcRE4gQVcR9lP8,autószerviz
Eredetiségvizsgálat Kft.,Autószerelő,"Budapest, Tatai u. 82, 1135 Magyarország",Budapest,XIII. kerület,1135,+36 70 330 2184,szerviz@muszakivizsgaztatas.hu,szerviz@muszakivizsgaztatas.hu,http://www.muszakivizsgaztatas.hu/,muszakivizsgaztatas.hu,4.8,102,150.0,ChIJo7n_1rzbQUcRz-SH4WP0D-8,https://www.google.com/maps/search/?api=1&query=Eredetis%C3%A9gvizsg%C3%A1lat%20Kft.&query_place_id=ChIJo7n_1rzbQUcRz-SH4WP0D-8,műszaki vizsga
Duna Autó Suzuki,Autószerelő,"Budapest, Zay út 24, 1037 Magyarország",Budapest,III. kerület,1037,+36 1 801 4099,info@dunaauto.hu,info@dunaauto.hu,http://dunaauto.hu/suzuki,dunaauto.hu,4.4,105,149.0,ChIJm3Rfj3LZQUcRe1KcH-q3avM,https://www.google.com/maps/search/?api=1&query=Duna%20Aut%C3%B3%20Suzuki&query_place_id=ChIJm3Rfj3LZQUcRe1KcH-q3avM,autó szerviz
Eredetvizsgálat Kft.,Gépjármű-ügyintézés,"Budapest, Fóti út 86, 1046 Magyarország",Budapest,IV. kerület,1046,+36 30 272 2333,tibi@tyller.t-online.hu,tibi@tyller.t-online.hu;erno@klimaerno.hu;klima.erno@upcmail.hu,http://www.eredetvizsga.eu/,eredetvizsga.eu,4.6,103,149.0,ChIJBfgCchXaQUcRkVCSc-wzRLs,https://www.google.com/maps/search/?api=1&query=Eredetvizsg%C3%A1lat%20Kft.&query_place_id=ChIJBfgCchXaQUcRkVCSc-wzRLs,műszaki vizsga
Csillag Autóház,Autószerelő,"Budapest, Rákóczi u. 39-41, 1039 Magyarország",Budapest,III. kerület,1039,+36 1 240 1214,szerviz@csillagautohaz.hu,szerviz@csillagautohaz.hu,http://www.csillagautohaz.hu/,csillagautohaz.hu,4.7,101,148.0,ChIJPQpgIsDZQUcRK4hTvokH7ns,https://www.google.com/maps/search/?api=1&query=Csillag%20Aut%C3%B3h%C3%A1z&query_place_id=ChIJPQpgIsDZQUcRK4hTvokH7ns,autó szerviz
Óbuda-Gumi Kft.,Gumiabroncs-szaküzlet,"Budapest, Kolostor út 28c, 1037 Magyarország",Budapest,III. kerület,1037,+36 1 240 8834,homonnaigumi@t-online.hu,homonnaigumi@t-online.hu,https://obudagumi.hu/,obudagumi.hu,4.6,101,147.0,ChIJmwDPMETZQUcRuNTwQNFqWOI,https://www.google.com/maps/search/?api=1&query=%C3%93buda-Gumi%20Kft.&query_place_id=ChIJmwDPMETZQUcRuNTwQNFqWOI,gumi csere
Goszter autószerviz és klímaszerviz,Autószerelő,"Budapest, Domb u. 7, 1212 Magyarország",Budapest,XXI. kerület,1212,+36 30 973 3784,goszter60@gmail.com,goszter60@gmail.com,https://autoklima-szereles.hu/,autoklima-szereles.hu,4.9,98,147.0,ChIJM8TGE-TnQUcRuDHv5NZo0os,https://www.google.com/maps/search/?api=1&query=Goszter%20aut%C3%B3szerviz%20%C3%A9s%20kl%C3%ADmaszerviz&query_place_id=ChIJM8TGE-TnQUcRuDHv5NZo0os,autó szerviz
Hollós Autószerviz,Sofőrszolgálat,"Budapest, Háros u. 12, 1222 Magyarország",Budapest,XXII. kerület,1222,+36 1 206 1013,info@hollosszerviz.hu,info@hollosszerviz.hu;gyenes.lajos@hollosszerviz.hu;kovacs.zsuzsa@hollosszerviz.hu,http://www.hollosszerviz.hu/,hollosszerviz.hu,4.6,101,147.0,ChIJrUSxgajnQUcR2CN4dpSgX5M,https://www.google.com/maps/search/?api=1&query=Holl%C3%B3s%20Aut%C3%B3szerviz&query_place_id=ChIJrUSxgajnQUcR2CN4dpSgX5M,autószerviz
Használt gumi,Gumiabroncs-szaküzlet,"Budapest, Kossuth Lajos u. 15, 1211 Magyarország",Budapest,XXI. kerület,1211,+36 30 227 4142,creditcar@creditcar.hu,creditcar@creditcar.hu,http://creditcar.hu/,creditcar.hu,4.4,102,146.0,ChIJ10Q0rF_dQUcRPoqnz-QhgMw,https://www.google.com/maps/search/?api=1&query=Haszn%C3%A1lt%20gumi&query_place_id=ChIJ10Q0rF_dQUcRPoqnz-QhgMw,gumi csere
STIMMEL autószerviz Kft.,Autószerelő,"Budapest, Gvadányi u. 67, 1144 Magyarország",Budapest,XIV. kerület,1144,+36 20 417 5390,stimmelszerviz@gmail.com,stimmelszerviz@gmail.com,http://www.stimmelauto.hu/,stimmelauto.hu,4.7,99,146.0,ChIJpXuVdU3DQUcRJwlCnTA4h8c,https://www.google.com/maps/search/?api=1&query=STIMMEL%20aut%C3%B3szerviz%20Kft.&query_place_id=ChIJpXuVdU3DQUcRJwlCnTA4h8c,autóklíma szerviz
Határ út 60,Autószerelő,"Budapest, Határ út 60, 1205 Magyarország",Budapest,XX. kerület,1205,+36 70 417 7750,pastaebastakft@gmail.com,pastaebastakft@gmail.com,https://hatarut60.hu/,hatarut60.hu,4.6,99,145.0,ChIJS7j3Zj3DQUcRlftdib2Y5X0,https://www.google.com/maps/search/?api=1&query=Hat%C3%A1r%20%C3%BAt%2060&query_place_id=ChIJS7j3Zj3DQUcRlftdib2Y5X0,autóklíma szerviz
Royal Car Autószerviz Kft.,Gépjármű-ügyintézés,"Budapest, Haraszti út 46, 1239 Magyarország",Budapest,XXIII. kerület,1239,+36 70 622 2203,szerviz.royalcar@gmail.com,szerviz.royalcar@gmail.com,http://www.royal-car.hu/,royal-car.hu,4.8,95,143.0,ChIJWWm841PoQUcRWxk_EoKYRnU,https://www.google.com/maps/search/?api=1&query=Royal%20Car%20Aut%C3%B3szerviz%20Kft.&query_place_id=ChIJWWm841PoQUcRWxk_EoKYRnU,autószerviz
Taver Gumi Bt.,Autógumi,"Budapest, Kolozsvári u. 58, 1212 Magyarország",Budapest,XXI. kerület,1212,+36 1 276 9946,veres.tamas001@gmail.com,veres.tamas001@gmail.com,http://taver.hu/,taver.hu,4.6,97,143.0,ChIJlYJd9OPnQUcR7Ut3sbKvZFA,https://www.google.com/maps/search/?api=1&query=Taver%20Gumi%20Bt.&query_place_id=ChIJlYJd9OPnQUcR7Ut3sbKvZFA,gumi csere
P & P Autójavitó Bt.,Autójavító,"Budapest, Dugonics u. 15, 1043 Magyarország",Budapest,XIII. kerület,1043,+36 20 960 6059,info@ppautojavitobt.hu,info@ppautojavitobt.hu,http://ppautojavitobt.hu/,ppautojavitobt.hu,4.7,95,142.0,ChIJL_GHo8rbQUcRs75Yzcb7tVg,https://www.google.com/maps/search/?api=1&query=P%20%26%20P%20Aut%C3%B3javit%C3%B3%20Bt.&query_place_id=ChIJL_GHo8rbQUcRs75Yzcb7tVg,autójavítás
Prestige Alarm Bt.,Autóvillamosság,"Budapest, Naprózsa u. 10, 1118 Magyarország",Budapest,XI. kerület,1118,+36 30 462 6000,prestigealarm@gmail.com,prestigealarm@gmail.com;winklernet.hu@gmail.com,http://prestigealarm.hu/,prestigealarm.hu,4.5,97,142.0,ChIJA80hP-fdQUcRMc9TJW9buf8,https://www.google.com/maps/search/?api=1&query=Prestige%20Alarm%20Bt.&query_place_id=ChIJA80hP-fdQUcRMc9TJW9buf8,autóklíma szerviz
Műszaki vizsga,Autószerelő,"Budapest, Szlovák út 79, 1162 Magyarország",Budapest,XVI. kerület,1162,+36 70 931 1995,autoszaki79@gmail.com,autoszaki79@gmail.com,https://szgkvizsga.hu/,szgkvizsga.hu,4.8,94,142.0,ChIJPUPt09nEQUcRMVC4pcKD_pQ,https://www.google.com/maps/search/?api=1&query=M%C5%B1szaki%20vizsga&query_place_id=ChIJPUPt09nEQUcRMVC4pcKD_pQ,műszaki vizsga
Duna Autó Dacia,Autókereskedés,"Budapest, Kunigunda útja 56, 1037 Magyarország",Budapest,III. kerület,1037,+36 1 801 4284,info@dunaauto.hu,info@dunaauto.hu,https://dunaauto.hu/dacia,dunaauto.hu,4.9,91,140.0,ChIJY7CVP_DZQUcRxxHWF2iCzCk,https://www.google.com/maps/search/?api=1&query=Duna%20Aut%C3%B3%20Dacia&query_place_id=ChIJY7CVP_DZQUcRxxHWF2iCzCk,autó szerviz
Varga Car Service Kft.,Autószerelő,"Budapest, Bécsi út 296/B, 1037 Magyarország",Budapest,III. kerület,1037,+36 30 543 4343,varga.car.service@gmail.com,varga.car.service@gmail.com,http://www.automentes.eu/,automentes.eu,4.9,91,140.0,ChIJA1UcCqnZQUcRKBSDvfiqcqw,https://www.google.com/maps/search/?api=1&query=Varga%20Car%20Service%20Kft.&query_place_id=ChIJA1UcCqnZQUcRKBSDvfiqcqw,autó szerviz
Váltózár beszerelés és szerviz - Aubiz Bt.,Autóalkatrész-üzlet,"Budapest, Ferenc u. 63, 1162 Magyarország",Budapest,XVI. kerület,1162,+36 20 429 3609,valtozarkozpont@gmail.com,valtozarkozpont@gmail.com,https://www.valtozar-szerviz.hu/,valtozar-szerviz.hu,4.9,91,140.0,ChIJs5q74tbEQUcRrSnxeB-H2LQ,https://www.google.com/maps/search/?api=1&query=V%C3%A1lt%C3%B3z%C3%A1r%20beszerel%C3%A9s%20%C3%A9s%20szerviz%20-%20Aubiz%20Bt.&query_place_id=ChIJs5q74tbEQUcRrSnxeB-H2LQ,autó szerviz
Vida Autószerviz,Autószerelő,"Budapest, Szentmihályi út 92, 1154 Magyarország",Budapest,XV. kerület,1154,+36 20 328 9777,vidaautoszerviz@gmail.com,vidaautoszerviz@gmail.com,http://vidaautoszerviz.hu/,vidaautoszerviz.hu,4.8,91,139.0,ChIJ8058hPvaQUcRTb6AUI2Yt5E,https://www.google.com/maps/search/?api=1&query=Vida%20Aut%C3%B3szerviz&query_place_id=ChIJ8058hPvaQUcRTb6AUI2Yt5E,autó szerviz
"Degál Bt. - Műszaki vizsgaállomás, Autó Műszaki Vizsgáztatás",Autóellenőrző állomás,"Budapest, Budafoki út 70, 1117 Magyarország",Budapest,XI. kerület,1117,+36 20 342 0099,degalbt@gmail.com,degalbt@gmail.com;degalbt@gmail.hu,http://degal.hu/,degal.hu,4.5,94,139.0,ChIJv5FonHXdQUcR1wF6aF-j7Ys,https://www.google.com/maps/search/?api=1&query=Deg%C3%A1l%20Bt.%20-%20M%C5%B1szaki%20vizsga%C3%A1llom%C3%A1s%2C%20Aut%C3%B3%20M%C5%B1szaki%20Vizsg%C3%A1ztat%C3%A1s&query_place_id=ChIJv5FonHXdQUcR1wF6aF-j7Ys,műszaki vizsga
"Gázautó Centrum Kft. - Autógáz beszerelés, gépjármű javítás",Autószerelő,"Budapest, Ócsai út 6, 1239 Magyarország",Budapest,XXIII. kerület,1239,+36 20 370 4429,iroda@gazautocentrum.hu,iroda@gazautocentrum.hu,https://www.gazautocentrum.hu/,gazautocentrum.hu,4.8,88,136.0,ChIJ95aRaajpQUcR2e7QAqk3i0U,https://www.google.com/maps/search/?api=1&query=G%C3%A1zaut%C3%B3%20Centrum%20Kft.%20-%20Aut%C3%B3g%C3%A1z%20beszerel%C3%A9s%2C%20g%C3%A9pj%C3%A1rm%C5%B1%20jav%C3%ADt%C3%A1s&query_place_id=ChIJ95aRaajpQUcR2e7QAqk3i0U,autó szerviz
4P Car Kft.,Horpadásjavítás,"Budapest, II. Rákóczi Ferenc út 279, 1214 Magyarország",Budapest,XXI. kerület,1214,+36 1 278 2714,INFO@HORPADAS.HU,INFO@HORPADAS.HU,http://www.horpadas.hu/,horpadas.hu,4.5,91,136.0,ChIJ--6njcznQUcR6bQ3LHor-ys,https://www.google.com/maps/search/?api=1&query=4P%20Car%20Kft.&query_place_id=ChIJ--6njcznQUcR6bQ3LHor-ys,autó szerviz
Klíma tisztítás és beszerelés Budapest - Klimamuhely.hu,Klíma- és fűtésszerelő,"Budapest, Tallér u. 6, 1145 Magyarország",Budapest,XIV. kerület,1145,+36 30 811 6061,info@klimamuhely.hu,info@klimamuhely.hu,https://klimamuhely.hu/,klimamuhely.hu,5.0,86,136.0,ChIJ1YoOgabbQUcRBb7D0gw5Lck,https://www.google.com/maps/search/?api=1&query=Kl%C3%ADma%20tiszt%C3%ADt%C3%A1s%20%C3%A9s%20beszerel%C3%A9s%20Budapest%20-%20Klimamuhely.hu&query_place_id=ChIJ1YoOgabbQUcRBb7D0gw5Lck,autóklíma szerviz
Amb Autó-Motor Bázis Kft.,Autójavító,"Budapest, Budapest Előd utca 82 Pesterzsébet és Soroksár határán, Török Flóris utca Előd utca kereszteződésénél, Török Flóris u. 242, 1201 Magyarország",Budapest,XX. kerület,1201,+36 30 974 9170,20%20%20ambkft1@gmail.com,20%20%20ambkft1@gmail.com,http://www.ambauto.hu/%20%20%20%20%20%20%20e-mail%20c%C3%ADm%20V%C3%81LTOZ%C3%81S!!!%20%20%20ambkft1@gmail.com,ambauto.hu,4.7,87,134.0,ChIJKTy_1iDoQUcRYix7eYSOeb4,https://www.google.com/maps/search/?api=1&query=Amb%20Aut%C3%B3-Motor%20B%C3%A1zis%20Kft.&query_place_id=ChIJKTy_1iDoQUcRYix7eYSOeb4,autó szerviz
Unio 2000 Kft,Karosszérialakatos,"Budapest, Bojtár u. 37, 1037 Magyarország",Budapest,III. kerület,1037,+36 1 240 1090,unio2000@netroller.hu,unio2000@netroller.hu;unio2000@gmail.com;unio2000kft@gmail.com,http://unio2000.honlapepito.hu/,honlapepito.hu,4.8,85,133.0,ChIJvW_5BQvZQUcR1GqY59Cq3Sc,https://www.google.com/maps/search/?api=1&query=Unio%202000%20Kft&query_place_id=ChIJvW_5BQvZQUcR1GqY59Cq3Sc,autó szerviz
RED FOX AUTó - ÉS GUMISZERVIZ,Autószerelő,"Budapest, Soroksári út 150, 1095 Magyarország",Budapest,IX. kerület,1095,+36 30 241 6154,info@redfoxcar.hu,info@redfoxcar.hu;ugyfelszolgalat@redfoxcar.hu,http://www.redfoxcar.hu/,redfoxcar.hu,4.8,85,133.0,ChIJ31HPeL_dQUcRkyrGVdcCQ-U,https://www.google.com/maps/search/?api=1&query=RED%20FOX%20AUT%C3%B3%20-%20%C3%89S%20GUMISZERVIZ&query_place_id=ChIJ31HPeL_dQUcRkyrGVdcCQ-U,fék javítás
CVH Autószerviz és karosszériaműhely,Autófelújító szerviz,"Budapest, Bojtár u. 37, 1037 Magyarország",Budapest,III. kerület,1037,+36 70 904 0048,info@cvhszerviz.hu,info@cvhszerviz.hu,https://www.cvhszerviz.hu/,cvhszerviz.hu,4.6,86,132.0,ChIJP1oRjsJ3akcRQpKceijThB8,https://www.google.com/maps/search/?api=1&query=CVH%20Aut%C3%B3szerviz%20%C3%A9s%20karossz%C3%A9riam%C5%B1hely&query_place_id=ChIJP1oRjsJ3akcRQpKceijThB8,autószerviz
Alvázvédelem Domonkos autószerviz,Autójavító,"Budapest, Stróbl Alajos u. 3/c, 1087 Magyarország",Budapest,VIII. kerület,1087,+36 70 500 0789,domonkosauto@gmail.com,domonkosauto@gmail.com,http://xn--alvzvdelem-regvdelem-kxb2pk56b.hu/,xn--alvzvdelem-regvdelem-kxb2pk56b.hu,4.4,87,131.0,ChIJLW7kz5bcQUcRX-tE1WA00xw,https://www.google.com/maps/search/?api=1&query=Alv%C3%A1zv%C3%A9delem%20Domonkos%20aut%C3%B3szerviz&query_place_id=ChIJLW7kz5bcQUcRX-tE1WA00xw,fék javítás
Gabi Gumi - Gumiszerviz + Klíma szerviz + Szélvédő javító,Autógumi,"Budapest, Unnamed Road, 1033 Magyarország",Budapest,III. kerület,1033,+36 20 625 1511,Bestuur@het7de.nl,Bestuur@het7de.nl;Secretaris@het7de.nl;secretaris@het7de.nl;vcp@het7de.nl;vertrouwenscontactpersoon@het7de.nl,https://sites.google.com/view/gabigumi/f%C5%91oldal,google.com,4.7,83,130.0,ChIJZV8DNHHZQUcRpKQu8cZj_Qw,https://www.google.com/maps/search/?api=1&query=Gabi%20Gumi%20-%20Gumiszerviz%20%2B%20Kl%C3%ADma%20szerviz%20%2B%20Sz%C3%A9lv%C3%A9d%C5%91%20jav%C3%ADt%C3%B3&query_place_id=ChIJZV8DNHHZQUcRpKQu8cZj_Qw,gumi csere
KOMLANCZ Gumiszerviz,Gumiabroncs-szaküzlet,"Budapest, Váci út 170c, 1138 Magyarország",Budapest,XIII. kerület,1138,+36 1 320 2815,komlanczgumi@gmail.com,komlanczgumi@gmail.com,http://www.komlancz.hu/uj/,komlancz.hu,4.5,84,129.0,ChIJD0qMhc_bQUcRhmxBOsj80dA,https://www.google.com/maps/search/?api=1&query=KOMLANCZ%20Gumiszerviz&query_place_id=ChIJD0qMhc_bQUcRhmxBOsj80dA,gumiszerviz
Kecskés Szerviz Bt.,Autójavító,"Budapest, Pomázi út 5, 1037 Magyarország",Budapest,III. kerület,1037,+36 70 635 9398,info@kecskesszerviz.hu,info@kecskesszerviz.hu,http://www.kecskesszerviz.hu/,kecskesszerviz.hu,4.8,80,128.0,ChIJdZC7sXPZQUcRCtiTzthlEpU,https://www.google.com/maps/search/?api=1&query=Kecsk%C3%A9s%20Szerviz%20Bt.&query_place_id=ChIJdZC7sXPZQUcRCtiTzthlEpU,autószerviz
Kecskeméti Károly Autójavító Bt.,Autószerelő,"Budapest, Csokonai u. 12, 1046 Magyarország",Budapest,IV. kerület,1046,+36 20 663 4426,kkautobt@gmail.com,kkautobt@gmail.com,http://kecskemetibt.hu/,kecskemetibt.hu,4.6,80,126.0,ChIJLz_ZszvaQUcRD1azv9gkdm8,https://www.google.com/maps/search/?api=1&query=Kecskem%C3%A9ti%20K%C3%A1roly%20Aut%C3%B3jav%C3%ADt%C3%B3%20Bt.&query_place_id=ChIJLz_ZszvaQUcRD1azv9gkdm8,autószerviz
Pálya-Autójavító Kft.,Autójavító,"Budapest, Pálya u. 24, 1161 Magyarország",Budapest,XVI. kerület,1161,+36 20 330 4689,info@palyaautojavito.hu,info@palyaautojavito.hu,https://www.palyaautojavito.hu/,palyaautojavito.hu,4.5,81,126.0,ChIJozZA9bPEQUcRdMeuPps8y6g,https://www.google.com/maps/search/?api=1&query=P%C3%A1lya-Aut%C3%B3jav%C3%ADt%C3%B3%20Kft.&query_place_id=ChIJozZA9bPEQUcRdMeuPps8y6g,autójavítás
Szőlősi és Társai Bt. Autószervíz,Autószerelő,"Budapest, Leiningen Károly u. 28, 1046 Magyarország",Budapest,IV. kerület,1046,+36 20 937 8366,frks.garazs@gmail.com,frks.garazs@gmail.com,http://frksgarazs.hu/,frksgarazs.hu,4.9,74,123.0,ChIJmUyC8D_aQUcRj3KXFYIhj60,https://www.google.com/maps/search/?api=1&query=Sz%C5%91l%C5%91si%20%C3%A9s%20T%C3%A1rsai%20Bt.%20Aut%C3%B3szerv%C3%ADz&query_place_id=ChIJmUyC8D_aQUcRj3KXFYIhj60,autószerviz
Hars Autó Service Kft,Autószerelő,"Budapest, Attila u. 64, 1047 Magyarország",Budapest,IV. kerület,1047,+36 70 946 4764,doktorauto.info@gmail.com,doktorauto.info@gmail.com;hastkft@gmail.com,https://autokarosszeriajavitas.hu/,autokarosszeriajavitas.hu,4.3,79,122.0,ChIJPxnE_DraQUcRg0-7Q9F3QPU,https://www.google.com/maps/search/?api=1&query=Hars%20Aut%C3%B3%20Service%20Kft&query_place_id=ChIJPxnE_DraQUcRg0-7Q9F3QPU,autószerviz
MVP Mobilgumiszerviz,Gumiszerviz,"Budapest, Nagytétényi út 180, 1223 Magyarország",Budapest,XXII. kerület,1223,+36 30 434 2128,mvpmobilgumi@gmail.com,mvpmobilgumi@gmail.com,https://www.mvpmobilgumi.hu/,mvpmobilgumi.hu,5.0,72,122.0,ChIJRd9fDFfdQUcRhe0vG633ziE,https://www.google.com/maps/search/?api=1&query=MVP%20Mobilgumiszerviz&query_place_id=ChIJRd9fDFfdQUcRhe0vG633ziE,gumiszerviz
ESG Kft.,Autójavító,"Budapest, Virág Benedek u. 22, 1037 Magyarország",Budapest,III. kerület,1037,+36 1 250 4477,esg@esg.hu,esg@esg.hu,http://www.esg.hu/,esg.hu,4.4,76,120.0,ChIJC6HzM0nZQUcRxANNYspVekk,https://www.google.com/maps/search/?api=1&query=ESG%20Kft.&query_place_id=ChIJC6HzM0nZQUcRxANNYspVekk,autó szerviz
K1 Autószerviz Csepel,Autószerelő,"Budapest, Csőgyár u. 68, 1211 Magyarország",Budapest,XXI. kerület,1211,+36 70 500 7442,k1auto@k1auto.hu,k1auto@k1auto.hu,http://k1auto.hu/,k1auto.hu,4.5,75,120.0,ChIJsRZvI_XnQUcRCgRM2sjCMzk,https://www.google.com/maps/search/?api=1&query=K1%20Aut%C3%B3szerviz%20Csepel&query_place_id=ChIJsRZvI_XnQUcRCgRM2sjCMzk,autó szerviz
0-24 Comfort Mobil Gumiszerviz Soroksár,Gumiabroncs-szerviz,"Budapest, Vízisport u. 52, 1237 Magyarország",Budapest,XXIII. kerület,1237,+36 30 168 0565,comfortgumiszerviz@gmail.com,comfortgumiszerviz@gmail.com,https://comfortgumiszerviz.hu/,comfortgumiszerviz.hu,5.0,69,119.0,ChIJTfmGX__pQUcRREwSheJDCz4,https://www.google.com/maps/search/?api=1&query=0-24%20Comfort%20Mobil%20Gumiszerviz%20Soroks%C3%A1r&query_place_id=ChIJTfmGX__pQUcRREwSheJDCz4,gumiszerviz
Somi-Gumi Kft.,Gumiabroncs-szaküzlet,"Budapest, Nagysándor József u. 65, 1204 Magyarország",Budapest,XX. kerület,1204,+36 30 700 9668,somigumikft@gmail.com,somigumikft@gmail.com,https://felnitrader.hu/somigumi,felnitrader.hu,5.0,69,119.0,ChIJOwPV1NTDQUcRmrBlQfKgX2E,https://www.google.com/maps/search/?api=1&query=Somi-Gumi%20Kft.&query_place_id=ChIJOwPV1NTDQUcRmrBlQfKgX2E,gumi csere
Jarmuhonositas.hu Pwr Cars Consult,Gépjármű-ügyintézés,"Budapest, Zulejka u. 4-1126, 1152 Magyarország",Budapest,XII. kerület,1152,+36 70 775 5557,pwrforgalomba@gmail.com,pwrforgalomba@gmail.com,http://forgalomba-helyezes.hu/,forgalomba-helyezes.hu,4.8,70,118.0,ChIJ73zXA9XbQUcRRtC9zdDYBXY,https://www.google.com/maps/search/?api=1&query=Jarmuhonositas.hu%20Pwr%20Cars%20Consult&query_place_id=ChIJ73zXA9XbQUcRRtC9zdDYBXY,műszaki vizsga
Sás Autókarosszéria Kft,Autókarosszéria-bolt,"Budapest, Pomázi út 11, 1037 Magyarország",Budapest,III. kerület,1037,+36 1 250 4743,sasauto@t-online.hu,sasauto@t-online.hu,https://www.sasauto.hu/,sasauto.hu,4.7,70,117.0,ChIJhQ2AMKbZQUcRpioJHZLejRQ,https://www.google.com/maps/search/?api=1&query=S%C3%A1s%20Aut%C3%B3karossz%C3%A9ria%20Kft&query_place_id=ChIJhQ2AMKbZQUcRpioJHZLejRQ,autó szerviz
Car America Kft.,Autószerelő,"Budapest, Királyok útja 178, 1039 Magyarország",Budapest,III. kerület,1039,+36 20 934 7307,caramerika1039@gmail.com,caramerika1039@gmail.com;olds@t-online.hu,https://caramerica.hu/,caramerica.hu,4.3,74,117.0,ChIJ81IkGZrbQUcRZww-0_rGbk8,https://www.google.com/maps/search/?api=1&query=Car%20America%20Kft.&query_place_id=ChIJ81IkGZrbQUcRZww-0_rGbk8,autószerviz
0-24 Comfort Mobil Gumiszerviz Újpest,Gumiabroncs-szerviz,"Budapest, Árpád út 130, 1041 Magyarország",Budapest,IV. kerület,1041,+36 30 168 0565,comfortgumiszerviz@gmail.com,comfortgumiszerviz@gmail.com,http://www.comfortgumiszerviz.hu/,comfortgumiszerviz.hu,5.0,67,117.0,ChIJyfs1PfnbQUcRgpl_RWMrat0,https://www.google.com/maps/search/?api=1&query=0-24%20Comfort%20Mobil%20Gumiszerviz%20%C3%9Ajpest&query_place_id=ChIJyfs1PfnbQUcRgpl_RWMrat0,autó szerviz
Szerviz 16 - Gumi és autó gyorsszerviz,Autószerelő,"Budapest, Vidámvásár u. 8, 1164 Magyarország",Budapest,XVI. kerület,1164,+36 70 415 4530,gyorsszerviz16@gmail.com,gyorsszerviz16@gmail.com,http://www.szerviz16.hu/,szerviz16.hu,4.9,68,117.0,ChIJPwlW02jFQUcRa4oAu7LwBJM,https://www.google.com/maps/search/?api=1&query=Szerviz%2016%20-%20Gumi%20%C3%A9s%20aut%C3%B3%20gyorsszerviz&query_place_id=ChIJPwlW02jFQUcRa4oAu7LwBJM,gyors szerviz
Kardántengely Kft.- Kardán javítás és felújítás,Autóalkatrész-szaküzlet,"Budapest, Fék u. 5, 1097 Magyarország",Budapest,IX. kerület,1097,+36 1 219 5774,kardantengelykft@kardantengelykft.hu,kardantengelykft@kardantengelykft.hu,http://www.kardantengelykft.hu/,kardantengelykft.hu,4.8,69,117.0,ChIJo0ncch_dQUcRwcIiHfuOIBc,https://www.google.com/maps/search/?api=1&query=Kard%C3%A1ntengely%20Kft.-%20Kard%C3%A1n%20jav%C3%ADt%C3%A1s%20%C3%A9s%20fel%C3%BAj%C3%ADt%C3%A1s&query_place_id=ChIJo0ncch_dQUcRwcIiHfuOIBc,fék javítás
8. Általános Autójavító Kft.,Sofőrszolgálat,"Budapest, Grassalkovich út 80, 1238 Magyarország",Budapest,XXIII. kerület,1238,+36 1 287 4004,autojavito@t-online.hu,autojavito@t-online.hu,https://www.auto8.hu/,auto8.hu,4.8,68,116.0,ChIJeRgLukDoQUcRWrLleMg4BTM,https://www.google.com/maps/search/?api=1&query=8.%20%C3%81ltal%C3%A1nos%20Aut%C3%B3jav%C3%ADt%C3%B3%20Kft.&query_place_id=ChIJeRgLukDoQUcRWrLleMg4BTM,autójavítás
Mobilgumisom,Gumiabroncs-szerviz,"Budapest, es lakás, Stefánia út 17-2. emelet 4, 1143 Magyarország",Budapest,XIV. kerület,1143,+36 70 619 5491,mobilgumisom@gmail.com,mobilgumisom@gmail.com,https://mobilgumisom.hu/,mobilgumisom.hu,5.0,65,115.0,ChIJ8xlBP5TdQUcRyQxt581kU6Y,https://www.google.com/maps/search/?api=1&query=Mobilgumisom&query_place_id=ChIJ8xlBP5TdQUcRyQxt581kU6Y,gumi csere
Gádor Autószervíz,Autójavító,"Budapest, Gádor u. 102, 1222 Magyarország",Budapest,XXII. kerület,1222,+36 30 549 0366,gadorauto@gmail.com,gadorauto@gmail.com,https://gadorautoszerviz.hu/,gadorautoszerviz.hu,5.0,64,114.0,ChIJ1UeEXgjnQUcRUwOIN_sB88E,https://www.google.com/maps/search/?api=1&query=G%C3%A1dor%20Aut%C3%B3szerv%C3%ADz&query_place_id=ChIJ1UeEXgjnQUcRUwOIN_sB88E,autó szerviz
Műszaki vizsga 22. kerület - Bodzsár Fivérek kft.,Autószerelő,"Budapest, Háros u. 1-3, 1222 Magyarország",Budapest,XXII. kerület,1222,+36 20 985 9369,autodoki@gmail.com,autodoki@gmail.com;autodoki22vizsga@gmail.com,http://www.autodoki22.hu/,autodoki22.hu,4.6,67,113.0,ChIJfVVGg93mQUcRjaaN5_YHyTc,https://www.google.com/maps/search/?api=1&query=M%C5%B1szaki%20vizsga%2022.%20ker%C3%BClet%20-%20Bodzs%C3%A1r%20Fiv%C3%A9rek%20kft.&query_place_id=ChIJfVVGg93mQUcRjaaN5_YHyTc,autó szerviz
AKH - Alkotás utca - Gumiszerviz,Gumiabroncs-szerviz,"Budapest, Alkotás u. 20-22, 1012 Magyarország",Budapest,I. kerület,1012,+36 1 371 3333,info@gumi.hu,info@gumi.hu,https://gumi.hu/szerviz/akh-alkotas-utca-gumiszerviz,gumi.hu,4.1,72,113.0,ChIJX5maBMPdQUcRwDCevXZMeho,https://www.google.com/maps/search/?api=1&query=AKH%20-%20Alkot%C3%A1s%20utca%20-%20Gumiszerviz&query_place_id=ChIJX5maBMPdQUcRwDCevXZMeho,gumi csere
N-Jaguár Szerviz Kft.,Autójavító,"Budapest, Háros u. 7, 1222 Magyarország",Budapest,XXII. kerület,1222,+36 30 010 7547,szerviz@njaguar.hu,szerviz@njaguar.hu,https://n-jaguar.hu/,n-jaguar.hu,4.7,65,112.0,ChIJ26WO-8_dQUcRtBFg3oBEkgU,https://www.google.com/maps/search/?api=1&query=N-Jagu%C3%A1r%20Szerviz%20Kft.&query_place_id=ChIJ26WO-8_dQUcRtBFg3oBEkgU,autó szerviz
Negarent Autójavító Kft.,Autójavító,"Budapest, Asztalos Sándor út 5.-6, 1087 Magyarország",Budapest,VIII. kerület,1087,+36 70 637 4031,negarentautojavito@gmail.com,negarentautojavito@gmail.com,https://negarentautojavito.hu/,negarentautojavito.hu,5.0,62,112.0,ChIJx80EUZHcQUcRZ1Zm7Q-tSic,https://www.google.com/maps/search/?api=1&query=Negarent%20Aut%C3%B3jav%C3%ADt%C3%B3%20Kft.&query_place_id=ChIJx80EUZHcQUcRZ1Zm7Q-tSic,műszaki vizsga
Abroncs-Dim Kft.,Gumiabroncs-szaküzlet,"Budapest, Budafoki út 183, 1117 Magyarország",Budapest,XI. kerület,1117,+36 1 481 9534,abroncsdim@tlt.hu,abroncsdim@tlt.hu,http://gumikerek.hu/,gumikerek.hu,4.9,62,111.0,ChIJZTQ94Z_dQUcRhvEXTyWBsVo,https://www.google.com/maps/search/?api=1&query=Abroncs-Dim%20Kft.&query_place_id=ChIJZTQ94Z_dQUcRhvEXTyWBsVo,gumi csere
Duna Autó Škoda & SEAT & VW & CUPRA márkaszerviz,Autószerelő,"Budapest, Szőlőkert u. 12, 1037 Magyarország",Budapest,III. kerület,1037,+36 1 801 4050,info@dunaauto.hu,info@dunaauto.hu,https://dunaauto.hu/skoda-szerviz,dunaauto.hu,4.4,66,110.0,ChIJncJ6XRLZQUcRGSE2j9q5Ty8,https://www.google.com/maps/search/?api=1&query=Duna%20Aut%C3%B3%20%C5%A0koda%20%26%20SEAT%20%26%20VW%20%26%20CUPRA%20m%C3%A1rkaszerviz&query_place_id=ChIJncJ6XRLZQUcRGSE2j9q5Ty8,autó szerviz
Alemán Szerviz Kft,Autószerelő,"Budapest Méta centrum ,Budapest, 1194, 1194 Magyarország",Budapest,XIX. kerület,1194,+36 20 399 0877,info@auto-szerviz.eu,info@auto-szerviz.eu;nfo@auto-szerviz.eu,https://auto-szerviz.eu/,auto-szerviz.eu,4.8,62,110.0,ChIJwVd0RmPCQUcRQyVanu8H64s,https://www.google.com/maps/search/?api=1&query=Alem%C3%A1n%20Szerviz%20Kft&query_place_id=ChIJwVd0RmPCQUcRQyVanu8H64s,autó szerviz
Óde-car Kft.- Teljeskörű autószerviz ingyenes csereautóval,Autójavító,"Budapest, Hunyadi János út 9, 1117 Magyarország",Budapest,XI. kerület,1117,+36 20 937 4593,odecarkft@gmail.com,odecarkft@gmail.com,https://www.karosszeriatjavit.hu/,karosszeriatjavit.hu,4.4,66,110.0,ChIJCVvfjpzdQUcRA_9rjwE6bvQ,https://www.google.com/maps/search/?api=1&query=%C3%93de-car%20Kft.-%20Teljesk%C3%B6r%C5%B1%20aut%C3%B3szerviz%20ingyenes%20csereaut%C3%B3val&query_place_id=ChIJCVvfjpzdQUcRA_9rjwE6bvQ,autójavítás
Helyetted Budapest - klíma szerelés,Klíma- és fűtésszerelő,,,,,+36 70 297 5886,helyettedklima@gmail.com,helyettedklima@gmail.com;helyettedbudapest@gmail.com,https://www.helyetted.com/,helyetted.com,5.0,60,110.0,ChIJZQ86PRfbQUcRFBAaRZuhmAs,https://www.google.com/maps/search/?api=1&query=Helyetted%20Budapest%20-%20kl%C3%ADma%20szerel%C3%A9s&query_place_id=ChIJZQ86PRfbQUcRFBAaRZuhmAs,autóklíma szerviz
Elnökgumi,Autógumi,"Budapest, Bláthy Ottó u. 14, 1089 Magyarország",Budapest,VIII. kerület,1089,+36 20 555 7787,iroda@elnokgumi.hu,iroda@elnokgumi.hu,http://elnokgumi.hu/,elnokgumi.hu,4.8,61,109.0,ChIJUc9YWojdQUcRW99PQXECGTM,https://www.google.com/maps/search/?api=1&query=Eln%C3%B6kgumi&query_place_id=ChIJUc9YWojdQUcRW99PQXECGTM,gumi csere
MOZGÓGUMIS,Autógumi,,,,,+36 30 508 4617,info@mozgogumis.hu,info@mozgogumis.hu,http://www.mozgogumis.hu/,mozgogumis.hu,4.9,59,108.0,ChIJUzwbyp3dQUcRRKMn2O-i5Mk,https://www.google.com/maps/search/?api=1&query=MOZG%C3%93GUMIS&query_place_id=ChIJUzwbyp3dQUcRRKMn2O-i5Mk,gumi csere
Siad gumi,Gumiabroncs-szaküzlet,"Budapest, Bojtár u. 54, 1037 Magyarország",Budapest,III. kerület,1037,+36 1 240 6074,siadgumi@t-online.hu,siadgumi@t-online.hu;siadgumi@gmail.com,http://www.siadgumi.hu/,siadgumi.hu,4.7,60,107.0,ChIJD70SGgvZQUcRyVA2M_o4MZM,https://www.google.com/maps/search/?api=1&query=Siad%20gumi&query_place_id=ChIJD70SGgvZQUcRyVA2M_o4MZM,gumi csere
Korrekt Autószerviz,Autójavító,"Budapest, Gyár u. 17, 1221 Magyarország",Budapest,XXII. kerület,1221,+36 70 332 7213,korrektautoszerviz@t-online.hu,korrektautoszerviz@t-online.hu,http://korrektautoszerviz.hu/,korrektautoszerviz.hu,4.8,59,107.0,ChIJKWEiS__nQUcRaZ83_Bhb3wM,https://www.google.com/maps/search/?api=1&query=Korrekt%20Aut%C3%B3szerviz&query_place_id=ChIJKWEiS__nQUcRaZ83_Bhb3wM,autó szerviz
City Mobilgumi-Mobilgumis,Gumiszerviz,"Budapest, Apát u., 1033 Magyarország",Budapest,III. kerület,1033,+36 70 225 0070,citymobilgumi@gmail.com,citymobilgumi@gmail.com,https://www.citymobilgumi.hu/,citymobilgumi.hu,5.0,56,106.0,ChIJa92keQDZQUcRX4VukMPzpv4,https://www.google.com/maps/search/?api=1&query=City%20Mobilgumi-Mobilgumis&query_place_id=ChIJa92keQDZQUcRX4VukMPzpv4,gumiszerviz
Green Power Garage,Autójavító,"Budapest, Chinoin u. 36, 1045 Magyarország",Budapest,IV. kerület,1045,+36 30 670 2670,info@greenpowergarage.hu,info@greenpowergarage.hu,http://greenpowergarage.hu/,greenpowergarage.hu,4.7,59,106.0,ChIJa1M8zrXbQUcRxzBxs-rBwz8,https://www.google.com/maps/search/?api=1&query=Green%20Power%20Garage&query_place_id=ChIJa1M8zrXbQUcRxzBxs-rBwz8,fék javítás
Karsai Autójavító Kft.,Autójavító,"Budapest, Nagykőrösi út 116, 1188 Magyarország",Budapest,XVIII. kerület,1188,+36 20 320 0962,karsaikft2007@gmail.com,karsaikft2007@gmail.com,http://www.autokarosszeria-javitas.hu/,autokarosszeria-javitas.hu,4.7,58,105.0,ChIJG0wDHxjqQUcRpn0nRQJ6dnY,https://www.google.com/maps/search/?api=1&query=Karsai%20Aut%C3%B3jav%C3%ADt%C3%B3%20Kft.&query_place_id=ChIJG0wDHxjqQUcRpn0nRQJ6dnY,autójavítás
"Autómentés Autómentő , Mentő Manó Bt",Sofőrszolgálat,"Budapest, Felső Zöldmáli út 52, 1025 Magyarország",Budapest,II. kerület,1025,+36 20 932 4960,kismano@mentomano.hu,kismano@mentomano.hu;kiamsno@mentomano.hu,http://automentomano.hu/,automentomano.hu,4.6,58,104.0,ChIJtWeMpkvZQUcRRcJvHJyY1u0,https://www.google.com/maps/search/?api=1&query=Aut%C3%B3ment%C3%A9s%20Aut%C3%B3ment%C5%91%20%2C%20Ment%C5%91%20Man%C3%B3%20Bt&query_place_id=ChIJtWeMpkvZQUcRRcJvHJyY1u0,autómentés
Benke Autójavító,Autószerelő,"Budapest, Damjanich János út 196, 1213 Magyarország",Budapest,XXI. kerület,1213,+36 20 946 8524,benke@benkeautojavito.hu,benke@benkeautojavito.hu,https://benkeautojavito.hu/,benkeautojavito.hu,4.9,55,104.0,ChIJbwPQtULoQUcR8ZWqIlLZegg,https://www.google.com/maps/search/?api=1&query=Benke%20Aut%C3%B3jav%C3%ADt%C3%B3&query_place_id=ChIJbwPQtULoQUcR8ZWqIlLZegg,autó szerviz
"Car-Szakértő autószerviz, Renault - Dacia specialista Budapest",Autójavító,"Budapest, Iparterület MOTRIO, Kövirózsa u. 6-8, 1163 Magyarország",Budapest,XVI. kerület,1163,+36 30 231 8696,renaultszerviz@gmail.com,renaultszerviz@gmail.com,http://renaultautoszerviz.hu/,renaultautoszerviz.hu,4.6,58,104.0,ChIJE1xBSp_EQUcRzULk1M-RttY,https://www.google.com/maps/search/?api=1&query=Car-Szak%C3%A9rt%C5%91%20aut%C3%B3szerviz%2C%20Renault%20-%20Dacia%20specialista%20Budapest&query_place_id=ChIJE1xBSp_EQUcRzULk1M-RttY,autószerviz
Cool4U Automotive Kft.,Autóalkatrész-szaküzlet,"Budapest, Illatos út 7/a, 1097 Magyarország",Budapest,IX. kerület,1097,+36 1 422 1818,info@cool4u.ro,penzugy@cool4uautomotive.hu;mail@cool4uautomotive.hu;mezotur@cool4uautomotive.hu;info@cool4u.ro,http://www.autoklima-webshop.hu/,autoklima-webshop.hu,4.8,55,103.0,ChIJ65s0UzjdQUcRfxf0W8uL_xQ,https://www.google.com/maps/search/?api=1&query=Cool4U%20Automotive%20Kft.&query_place_id=ChIJ65s0UzjdQUcRfxf0W8uL_xQ,autóklíma szerviz
Gumigram Kft,Gumiabroncs-szerviz,"Budapest, II. Rákóczi Ferenc út 289-295, 1214 Magyarország",Budapest,XXI. kerület,1214,+36 70 588 7447,gumigramkft@gmail.com,gumigramkft@gmail.com,http://gumigramkft.webnode.hu/,webnode.hu,4.8,54,102.0,ChIJSbS3DwDnQUcRppC_HXDyde8,https://www.google.com/maps/search/?api=1&query=Gumigram%20Kft&query_place_id=ChIJSbS3DwDnQUcRppC_HXDyde8,gumiszerviz
Auto Depo - Gumi és gyorsszervíz,Gumiabroncs-szaküzlet,"Budapest, Hegyalja út 142, 1124 Magyarország",Budapest,XII. kerület,1124,+36 30 949 1505,erdeigumi@gmail.com,erdeigumi@gmail.com,http://www.erdeigumi.hu/,erdeigumi.hu,4.9,53,102.0,ChIJ7Z0zNNXdQUcRhnYoPEEaiUg,https://www.google.com/maps/search/?api=1&query=Auto%20Depo%20-%20Gumi%20%C3%A9s%20gyorsszerv%C3%ADz&query_place_id=ChIJ7Z0zNNXdQUcRhnYoPEEaiUg,gumi csere
Degál Autószerviz Bt.,Autószerelő,"Budapest, Budafoki út 111, 1117 Magyarország",Budapest,XI. kerület,1117,+36 1 203 2696,degalbt@gmail.com,degalbt@gmail.com;degalbt@gmail.hu,http://www.degal.hu/,degal.hu,4.1,61,102.0,ChIJp2UN5abdQUcRkSi5qHsOY5s,https://www.google.com/maps/search/?api=1&query=Deg%C3%A1l%20Aut%C3%B3szerviz%20Bt.&query_place_id=ChIJp2UN5abdQUcRkSi5qHsOY5s,műszaki vizsga
Duna Autó Tesla Karosszéria Javító,Karosszérialakatos,"Budapest, Zay út 24, 1037 Magyarország",Budapest,III. kerület,1037,+36 1 801 4256,info@dunaauto.hu,info@dunaauto.hu,https://dunaauto.hu/tesla-body-shop,dunaauto.hu,4.7,54,101.0,ChIJ4SGIWgTZQUcRZQl_8BhkZeM,https://www.google.com/maps/search/?api=1&query=Duna%20Aut%C3%B3%20Tesla%20Karossz%C3%A9ria%20Jav%C3%ADt%C3%B3&query_place_id=ChIJ4SGIWgTZQUcRZQl_8BhkZeM,autó szerviz
Nonstop Gumiszerviz Autószerviz,Gumiabroncs-szerviz,"Budapest, Újszász u. 45, 1165 Magyarország",Budapest,XVI. kerület,1165,+36 30 156 5006,info@autoszerelo024.hu,info@autoszerelo024.hu,https://autoszerelo024.hu/,autoszerelo024.hu,4.3,58,101.0,ChIJzQdkhZ_FQUcReSIXAZmZQNE,https://www.google.com/maps/search/?api=1&query=Nonstop%20Gumiszerviz%20Aut%C3%B3szerviz&query_place_id=ChIJzQdkhZ_FQUcReSIXAZmZQNE,autószerviz
Ford szerviz,Autószerelő,"Budapest, Táncsics Mihály u. 54, 1238 Magyarország",Budapest,XXIII. kerület,1238,+36 20 923 6320,fordszervizek@gmail.com,fordszervizek@gmail.com,http://www.fordszervizek.hu/,fordszervizek.hu,4.5,55,100.0,ChIJY8O9pEboQUcRC1s10qoz_c0,https://www.google.com/maps/search/?api=1&query=Ford%20szerviz&query_place_id=ChIJY8O9pEboQUcRC1s10qoz_c0,autószerviz
Decker Autó Kft.,Autójavító,"Budapest, Háros u. 7, 1222 Magyarország",Budapest,XXII. kerület,1222,+36 70 351 4157,decker.adam@deckerauto.hu,decker.adam@deckerauto.hu,https://www.deckerauto.hu/,deckerauto.hu,5.0,50,100.0,ChIJHwtNXyXhQUcRRbjboRmrX2w,https://www.google.com/maps/search/?api=1&query=Decker%20Aut%C3%B3%20Kft.&query_place_id=ChIJHwtNXyXhQUcRRbjboRmrX2w,autószerviz
Kalmár Autószerviz Kft.,Autójavító,"Budapest, II. Rákóczi Ferenc út 366/b, 1214 Magyarország",Budapest,XXI. kerület,1214,+36 30 239 5360,info@kalmarautoszerviz.hu,info@kalmarautoszerviz.hu,http://kalmarautoszerviz.hu/,kalmarautoszerviz.hu,4.4,53,97.0,ChIJC0T8RDTmQUcR2nHwabl2ziA,https://www.google.com/maps/search/?api=1&query=Kalm%C3%A1r%20Aut%C3%B3szerviz%20Kft.&query_place_id=ChIJC0T8RDTmQUcR2nHwabl2ziA,autó szerviz
Nexxon Magyarország Kft,Gumiabroncs-szerviz,"Budapest, Helsinki út 124-126, 1238 Magyarország",Budapest,XXIII. kerület,1238,+36 70 773 8211,szegedkisker@nexxon.hu,szegedkisker@nexxon.hu;budapestkisker@nexxon.hu,http://nexxon.hu/,nexxon.hu,4.7,50,97.0,ChIJld8ojRnoQUcRxUDHAixZfpk,https://www.google.com/maps/search/?api=1&query=Nexxon%20Magyarorsz%C3%A1g%20Kft&query_place_id=ChIJld8ojRnoQUcRxUDHAixZfpk,gumiszerviz
