company,category,address,city,district,postalCode,phone,email,all_emails,website,domain,rating,reviews,priority_score,placeId,url,searchString,personalization_snippet
AKH - Szentmihályi út - Gumiszerviz,Gumiabroncs-szaküzlet,"Budapest, Szentmihályi út 68, 1154 Magyarország",Budapest,XV. kerület,1154,+36 30 566 5432,info@gumi.hu,info@gumi.hu,https://gumi.hu/szerviz/akh-szentmihalyi-ut-gumiszerviz,gumi.hu,4.3,1405,1448.0,ChIJ2Zu28_naQUcRu5nCn1dSntE,https://www.google.com/maps/search/?api=1&query=AKH%20-%20Szentmih%C3%A1lyi%20%C3%BAt%20-%20Gumiszerviz&query_place_id=ChIJ2Zu28_naQUcRu5nCn1dSntE,gumiszerviz,XV. kerület – gumiabroncs-szaküzlet
AKH Abroncs Kereskedőház Kft.,Gumiabroncs-szerviz,"Budapest, Megyeri út 15, 1044 Magyarország",Budapest,IV. kerület,1044,+36 1 371 3333,info@gumi.hu,info@gumi.hu,https://gumi.hu/szerviz/akh-megyeri-ut-gumiszerviz-autoszerviz,gumi.hu,4.4,1101,1145.0,ChIJiT926BjaQUcRtNjZLCA49s8,https://www.google.com/maps/search/?api=1&query=AKH%20Abroncs%20Keresked%C5%91h%C3%A1z%20Kft.&query_place_id=ChIJiT926BjaQUcRtNjZLCA49s8,autószerviz,IV. kerület – gumiabroncs-szerviz
Taylor kft Taylor Gumiszervíz,Gumiabroncs-szaküzlet,"Budapest, Méta u. 13, 1194 Magyarország",Budapest,XIX. kerület,1194,+36 1 280 6567,info@autotire.hu,info@autotire.hu,https://autotire.hu/,autotire.hu,4.6,1001,1047.0,ChIJkYc5BG_CQUcR81JKPuffFEE,https://www.google.com/maps/search/?api=1&query=Taylor%20kft%20Taylor%20Gumiszerv%C3%ADz&query_place_id=ChIJkYc5BG_CQUcR81JKPuffFEE,autójavítás,XIX. kerület – gumiabroncs-szaküzlet
Ford Petrányi Budaörsi út,Ford márkakereskedő,"Budapest, Budaörsi út 179, 1112 Magyarország",Budapest,XI. kerület,1112,+36 1 881 0000,kontakt@petranyiauto.hu,kontakt@petranyiauto.hu,http://www.fordpetranyi.hu/,petranyiauto.hu,4.5,993,1038.0,ChIJc6jRMuLdQUcRzkPZF1xaXuU,https://www.google.com/maps/search/?api=1&query=Ford%20Petr%C3%A1nyi%20Buda%C3%B6rsi%20%C3%BAt&query_place_id=ChIJc6jRMuLdQUcRzkPZF1xaXuU,műszaki vizsga,XI. kerület – ford márkakereskedő
"AKH - Fehérvári út - Autószerviz, Gumiszerviz",Gumiabroncs-szerviz,"Budapest, Fehérvári út 71-73, 1119 Magyarország",Budapest,XI. kerület,1119,+36 1 371 3333,info@gumi.hu,info@gumi.hu,https://gumi.hu/szerviz/akh-fehervari-ut-gumiszerviz-autoszerviz,gumi.hu,4.4,967,1011.0,ChIJ5fjoMrvdQUcRC3PadDUGBhc,https://www.google.com/maps/search/?api=1&query=AKH%20-%20Feh%C3%A9rv%C3%A1ri%20%C3%BAt%20-%20Aut%C3%B3szerviz%2C%20Gumiszerviz&query_place_id=ChIJ5fjoMrvdQUcRC3PadDUGBhc,gumi csere,XI. kerület – gumiabroncs-szerviz
VIP GUMI KFT,Gumiabroncs-szaküzlet,"Budapest, Építész u. 8, 1116 Magyarország",Budapest,XI. kerület,1116,+36 20 619 5871,vipgumikft@gmail.com,vipgumikft@gmail.com,http://nonstop-gumis.hu/,nonstop-gumis.hu,4.4,885,929.0,ChIJSWW3hZvdQUcR4OIs_2iMsmk,https://www.google.com/maps/search/?api=1&query=VIP%20GUMI%20KFT&query_place_id=ChIJSWW3hZvdQUcR4OIs_2iMsmk,gumi csere,XI. kerület – gumiabroncs-szaküzlet
Avalon Bosch Car Service,Autójavító,"Budapest, Tengerszem u. 106, 1142 Magyarország",Budapest,XIV. kerület,1142,+36 1 273 2770,service@avalon-care.hu,service@avalon-care.hu;rent@avalon-care.hu,http://www.avalon-service.hu/,avalon-service.hu,4.6,820,866.0,ChIJDZET36bbQUcRqAB4sDFdNHA,https://www.google.com/maps/search/?api=1&query=Avalon%20Bosch%20Car%20Service&query_place_id=ChIJDZET36bbQUcRqAB4sDFdNHA,autó szerviz,XIV. kerület – autójavító
Duna Autó Zrt.,Autószerelő,"Budapest, Zay út 24, 1037 Magyarország",Budapest,III. kerület,1037,+36 1 801 4242,info@dunaauto.hu,info@dunaauto.hu,http://www.dunaauto.hu/,dunaauto.hu,4.3,805,848.0,ChIJ3af3nnLZQUcR53ju_-o8Pws,https://www.google.com/maps/search/?api=1&query=Duna%20Aut%C3%B3%20Zrt.&query_place_id=ChIJ3af3nnLZQUcR53ju_-o8Pws,autó szerviz,III. kerület – autószerelő
"Olajshop.hu Autószerviz Budapest - Óbuda, Szentendrei út",Autójavító,"Budapest, Szentendrei út 217, 1039 Magyarország",Budapest,III. kerület,1039,+36 20 349 5179,szerviz@fitauto.hu,szerviz@fitauto.hu;szentendrei@fitauto.hu;beke@fitauto.hu;napfeny@fitauto.hu,https://www.fitauto.hu/szervizek/budapest--obuda-szentendrei-ut/8,fitauto.hu,4.4,655,699.0,ChIJu0MSCZXZQUcRSGhjuk7dIcc,https://www.google.com/maps/search/?api=1&query=Olajshop.hu%20Aut%C3%B3szerviz%20Budapest%20-%20%C3%93buda%2C%20Szentendrei%20%C3%BAt&query_place_id=ChIJu0MSCZXZQUcRSGhjuk7dIcc,autószerviz,III. kerület – autójavító
"AKH - Soroksári út - Gumiszerviz, Autószerviz",Autógumi,"Budapest, Soroksári út 110, 1095 Magyarország",Budapest,IX. kerület,1095,+36 1 371 3333,info@gumi.hu,info@gumi.hu,https://gumi.hu/,gumi.hu,4.5,618,663.0,ChIJ--FkKkbdQUcRXOWlahXwpQc,https://www.google.com/maps/search/?api=1&query=AKH%20-%20Soroks%C3%A1ri%20%C3%BAt%20-%20Gumiszerviz%2C%20Aut%C3%B3szerviz&query_place_id=ChIJ--FkKkbdQUcRXOWlahXwpQc,gumi csere,IX. kerület – autógumi
FITAUTO - Budapest Angyalföld (Béke utca) GYORSSZERVIZ HÁLÓZAT,Autógumi,"Budapest, Béke u. 127, 1131 Magyarország",Budapest,XIII. kerület,1131,+36 20 582 9434,szerviz@fitauto.hu,szerviz@fitauto.hu;szentendrei@fitauto.hu;beke@fitauto.hu;napfeny@fitauto.hu,http://www.fitauto.hu/,fitauto.hu,4.6,605,651.0,ChIJazeR4bbbQUcR-lquKTqGK1c,https://www.google.com/maps/search/?api=1&query=FITAUTO%20-%20Budapest%20Angyalf%C3%B6ld%20(B%C3%A9ke%20utca)%20GYORSSZERVIZ%20H%C3%81L%C3%93ZAT&query_place_id=ChIJazeR4bbbQUcR-lquKTqGK1c,autó szerviz,XIII. kerület – autógumi
Vulkán Gumi és Kézi autómosó,Autógumi,"Budapest, Jókai u. 11, 1211 Magyarország",Budapest,XXI. kerület,1211,+36 70 632 7211,info@vulkangumi-es-keziautomoso.hu,info@vulkangumi-es-keziautomoso.hu;info@vulkangumi-eskeziautomoso.hu,https://vulkangumi-es-keziautomoso.hu/,vulkangumi-es-keziautomoso.hu,4.7,541,588.0,ChIJq9sJF1_dQUcRs_Vqfbhlutk,https://www.google.com/maps/search/?api=1&query=Vulk%C3%A1n%20Gumi%20%C3%A9s%20K%C3%A9zi%20aut%C3%B3mos%C3%B3&query_place_id=ChIJq9sJF1_dQUcRs_Vqfbhlutk,gumi csere,XXI. kerület – autógumi
"Antal Team Műszaki Vizsga, Vonóhorog szerelés, Használtautó átvizsgálás, autószerviz",Autószerelő,"Budapest, Pázmány Péter u. 71, 1153 Magyarország",Budapest,XV. kerület,1153,+36 20 343 3695,info@antalteam.hu,info@antalteam.hu;avargaerika77@gmail.com;antalteamszerviz@gmail.com;hello@mediadigital.hu;marketing.konya@gmail.com,https://antalteam.hu/,antalteam.hu,4.7,503,550.0,ChIJGV1X1FPaQUcRivVDG6R-a-g,https://www.google.com/maps/search/?api=1&query=Antal%20Team%20M%C5%B1szaki%20Vizsga%2C%20Von%C3%B3horog%20szerel%C3%A9s%2C%20Haszn%C3%A1ltaut%C3%B3%20%C3%A1tvizsg%C3%A1l%C3%A1s%2C%20aut%C3%B3szerviz&query_place_id=ChIJGV1X1FPaQUcRivVDG6R-a-g,autószerviz,XV. kerület – autószerelő
EuroTyre Kft,Autószerelő,"Budapest, Fogadó u. 6, 1107 Magyarország",Budapest,X. kerület,1107,+36 1 262 2344,gumiaruhaz@gumiabroncslap.hu,gumiaruhaz@gumiabroncslap.hu;hungary@continental-promotion.com,http://www.gumiabroncslap.hu/,gumiabroncslap.hu,4.8,498,546.0,ChIJd2cWnyvDQUcRukfcx41IEDM,https://www.google.com/maps/search/?api=1&query=EuroTyre%20Kft&query_place_id=ChIJd2cWnyvDQUcRukfcx41IEDM,gumiszerviz,X. kerület – autószerelő
Janó-Dob Kft.,Autójavító,"Budapest, Rákospalotai határút 151, 1162 Magyarország",Budapest,XVI. kerület,1162,+36 20 345 5062,iroda@janodob.hu,iroda@janodob.hu;info@w3host.hu;bekelteto.testulet@bkik.hu;shop@janodob.hu;ugyfelszolgalat@naih.hu,http://www.janodob.hu/,janodob.hu,4.8,488,536.0,ChIJ8yC0t93EQUcRAiu0dCEYFYM,https://www.google.com/maps/search/?api=1&query=Jan%C3%B3-Dob%20Kft.&query_place_id=ChIJ8yC0t93EQUcRAiu0dCEYFYM,autó szerviz,XVI. kerület – autójavító
Gumi-Profi Team Kft.,Gumiabroncs-szaküzlet,"Budapest, Reitter Ferenc u. 95, 1135 Magyarország",Budapest,XIII. kerület,1135,+36 1 415 0811,bp13@gumi-profi.hu,bp13@gumi-profi.hu;csillaghegy@gumi-profi.hu;papa@gumi-profi.hu;pecs@gumi-profi.hu;info@gumi-profi.hu,http://www.gumiprofi.hu/,gumi-profi.hu,4.4,464,508.0,ChIJzb2KAr3bQUcRYTMGnWyq_q8,https://www.google.com/maps/search/?api=1&query=Gumi-Profi%20Team%20Kft.&query_place_id=ChIJzb2KAr3bQUcRYTMGnWyq_q8,gumiszerviz,XIII. kerület – gumiabroncs-szaküzlet
AKH - Mexikói út - Gumiszerviz,Gumiabroncs-szerviz,"Budapest, Mexikói út 18, 1149 Magyarország",Budapest,XIV. kerület,1149,+36 1 371 3333,info@gumi.hu,info@gumi.hu,https://gumi.hu/szerviz/akh-mexikoi-ut-gumiszerviz,gumi.hu,4.6,447,493.0,ChIJ66boc0zdQUcRrTMoZ-orLgE,https://www.google.com/maps/search/?api=1&query=AKH%20-%20Mexik%C3%B3i%20%C3%BAt%20-%20Gumiszerviz&query_place_id=ChIJ66boc0zdQUcRrTMoZ-orLgE,gumiszerviz,XIV. kerület – gumiabroncs-szerviz
Kollár Gumi - Gumiszervíz és felni javítás,Gumiabroncs-szaküzlet,"Budapest, Virág Benedek u. 79, 1204 Magyarország",Budapest,XX. kerület,1204,+36 20 960 5060,kollargumi@gmail.com,kollargumi@gmail.com;kollarautokft@gmail.com,http://www.hasznaltgumi.hu/,kollargumi.hu,4.6,437,483.0,ChIJvfx8cJ7CQUcRIAMUxXko2Mg,https://www.google.com/maps/search/?api=1&query=Koll%C3%A1r%20Gumi%20-%20Gumiszerv%C3%ADz%20%C3%A9s%20felni%20jav%C3%ADt%C3%A1s&query_place_id=ChIJvfx8cJ7CQUcRIAMUxXko2Mg,autó szerviz,XX. kerület – gumiabroncs-szaküzlet
Műszaki vizsgáztatás | 4 Tölgyesi Autójavító Kft.,Autószerelő,"Budapest, Szent László út 99, 1135 Magyarország",Budapest,XIII. kerület,1135,+36 70 363 3217,info@tolgyesiautoszerviz.hu,info@tolgyesiautoszerviz.hu,https://www.tolgyesiautoszerviz.hu/,tolgyesiautoszerviz.hu,4.4,435,479.0,ChIJy53t1rzbQUcR4MZR8COS6Xw,https://www.google.com/maps/search/?api=1&query=M%C5%B1szaki%20vizsg%C3%A1ztat%C3%A1s%20%7C%204%20T%C3%B6lgyesi%20Aut%C3%B3jav%C3%ADt%C3%B3%20Kft.&query_place_id=ChIJy53t1rzbQUcR4MZR8COS6Xw,autószerviz,XIII. kerület – autószerelő
Ott Service Kft.,Autójavító,"Budapest, Neszmélyi út 35, 1112 Magyarország",Budapest,XI. kerület,1112,+36 20 669 0692,ottservicekft@gmail.com,ottservicekft@gmail.com,http://ottservice.hu/,ottservice.hu,4.8,424,472.0,ChIJt-tSm-jdQUcRhxdRC-fZ4eA,https://www.google.com/maps/search/?api=1&query=Ott%20Service%20Kft.&query_place_id=ChIJt-tSm-jdQUcRhxdRC-fZ4eA,gumi csere,XI. kerület – autójavító
"Kaptás Autószerviz Kft- Műszaki vizsgaállomás, Eredetiségvizsgálat, Futóműállítás, Diagnosztika, Gumiszerelés XI. Kerület",Autóellenőrző állomás,"Budapest, Than Károly u. 19, 1119 Magyarország",Budapest,XI. kerület,1119,+36 20 336 0226,KAPTASSZERVIZ2@GMAIL.COM,KAPTASSZERVIZ2@GMAIL.COM;kaptasszerviz2@gmail.com;kaptasvizsga@gmail.com,http://kaptasszerviz.hu/,kaptasszerviz.hu,4.8,418,466.0,ChIJ_1VNhIDdQUcRsTPc8OyVA9Y,https://www.google.com/maps/search/?api=1&query=Kapt%C3%A1s%20Aut%C3%B3szerviz%20Kft-%20M%C5%B1szaki%20vizsga%C3%A1llom%C3%A1s%2C%20Eredetis%C3%A9gvizsg%C3%A1lat%2C%20Fut%C3%B3m%C5%B1%C3%A1ll%C3%ADt%C3%A1s%2C%20Diagnosztika%2C%20Gumiszerel%C3%A9s%20XI.%20Ker%C3%BClet&query_place_id=ChIJ_1VNhIDdQUcRsTPc8OyVA9Y,gumi csere,XI. kerület – autóellenőrző állomás
Gumi-Profi Team Kft. - Bp III.,Gumiabroncs-szaküzlet,"Budapest, Csillaghegyi út 22, 1037 Magyarország",Budapest,III. kerület,1037,+36 1 430 6767,info@gumi-profi.hu,info@gumi-profi.hu;bp13@gumi-profi.hu;csillaghegy@gumi-profi.hu;papa@gumi-profi.hu;pecs@gumi-profi.hu;molnar.balazs@gumi-profi.hu,https://www.gumiprofi.hu/szervizpontok/gumiszerviz-iii,gumi-profi.hu,4.4,419,463.0,ChIJ06G_PwrZQUcRbvKB4NXK3UM,https://www.google.com/maps/search/?api=1&query=Gumi-Profi%20Team%20Kft.%20-%20Bp%20III.&query_place_id=ChIJ06G_PwrZQUcRbvKB4NXK3UM,gumiszerviz,III. kerület – gumiabroncs-szaküzlet
"Abroncs Kereskedőház AKH - Batthyány utca - Gumiszerviz, Autószerviz",Gumiabroncs-szerviz,"Budapest, Batthyány u. 70, 1039 Magyarország",Budapest,III. kerület,1039,+36 1 371 3333,info@gumi.hu,info@gumi.hu,https://gumi.hu/szerviz/akh-batthyany-utca-gumiszerviz,gumi.hu,4.6,405,451.0,ChIJheqzuNzZQUcRyVWLYpoxad0,https://www.google.com/maps/search/?api=1&query=Abroncs%20Keresked%C5%91h%C3%A1z%20AKH%20-%20Batthy%C3%A1ny%20utca%20-%20Gumiszerviz%2C%20Aut%C3%B3szerviz&query_place_id=ChIJheqzuNzZQUcRyVWLYpoxad0,autószerviz,III. kerület – gumiabroncs-szerviz
CAR-GO Autószerviz,Autójavító,"Budapest, Fehérvári út 144-12-es épület, 1116 Magyarország",Budapest,XI. kerület,1116,+36 70 630 9001,szerviz@car-go.hu,szerviz@car-go.hu,http://www.car-go.hu/,car-go.hu,4.7,401,448.0,ChIJRfUO-5vdQUcRvmDpo7Yu_LM,https://www.google.com/maps/search/?api=1&query=CAR-GO%20Aut%C3%B3szerviz&query_place_id=ChIJRfUO-5vdQUcRvmDpo7Yu_LM,fék javítás,XI. kerület – autójavító
Magyar Autóklub Szerviz- és vizsgapont,Autószerelő,"Budapest, Budaörsi út 138, 1112 Magyarország",Budapest,XI. kerület,1112,+36 1 310 2958,web@autoklub.hu,web@autoklub.hu,https://www.autoklub.hu/,autoklub.hu,4.3,391,434.0,ChIJBXPdvefdQUcR5hiCz8j0qOE,https://www.google.com/maps/search/?api=1&query=Magyar%20Aut%C3%B3klub%20Szerviz-%20%C3%A9s%20vizsgapont&query_place_id=ChIJBXPdvefdQUcR5hiCz8j0qOE,műszaki vizsga,XI. kerület – autószerelő
Schirger Gumi a Gumisch,Autógumi,"Budapest, Timur u. 82, 1162 Magyarország",Budapest,XVI. kerület,1162,+36 1 409 5175,Schirger.Peter@gumisch.hu,Schirger.Peter@gumisch.hu,http://www.gumisch.hu/,gumisch.hu,4.9,360,409.0,ChIJaapewx_FQUcRdFPdiw2l3MI,https://www.google.com/maps/search/?api=1&query=Schirger%20Gumi%20a%20Gumisch&query_place_id=ChIJaapewx_FQUcRdFPdiw2l3MI,gumi csere,XVI. kerület – autógumi
FÁBER TEAM Autószerviz,Autójavító,"Budapest, Klapka György u. 15, 1154 Magyarország",Budapest,XV. kerület,1154,+36 20 979 9039,info@faberteam.hu,info@faberteam.hu;karosszeriamunkafelvetel@faberteam.hu;info@markafuggetlenautoszerviz.hu;szervizmunkafelvetel@faberteam.hu;karrendezes@faberteam.hu,http://faberteam.hu/,faberteam.hu,4.8,357,405.0,ChIJpeUqhfnaQUcR90Rzqed_pNI,https://www.google.com/maps/search/?api=1&query=F%C3%81BER%20TEAM%20Aut%C3%B3szerviz&query_place_id=ChIJpeUqhfnaQUcR90Rzqed_pNI,autó szerviz,XV. kerület – autójavító
Bojtár33 Műszaki Vizsgaállomás,Autóellenőrző állomás,"Budapest, Bojtár u. 33, 1037 Magyarország",Budapest,III. kerület,1037,+36 20 213 0843,info@bojtar33.hu,info@bojtar33.hu,https://www.bojtar33.hu/,bojtar33.hu,4.8,353,401.0,ChIJA8ibezjYQUcRdhRbFhRBd-4,https://www.google.com/maps/search/?api=1&query=Bojt%C3%A1r33%20M%C5%B1szaki%20Vizsga%C3%A1llom%C3%A1s&query_place_id=ChIJA8ibezjYQUcRdhRbFhRBd-4,műszaki vizsga,III. kerület – autóellenőrző állomás
Gumi-Felni autójavító kft,Gumiabroncs-szaküzlet,"Budapest, II. Rákóczi Ferenc út 320, 1214 Magyarország",Budapest,XXI. kerület,1214,+36 70 363 5888,csepelgumi@gmail.com,csepelgumi@gmail.com,https://gumifelni.hu/,gumifelni.hu,4.6,346,392.0,ChIJXTEnXcznQUcRQsR9zEMty7Q,https://www.google.com/maps/search/?api=1&query=Gumi-Felni%20aut%C3%B3jav%C3%ADt%C3%B3%20kft&query_place_id=ChIJXTEnXcznQUcRQsR9zEMty7Q,gumiszerviz,XXI. kerület – gumiabroncs-szaküzlet
Schiller Autó Család,Autószerelő,"Budapest, Váci út 119/C, 1044 Magyarország",Budapest,IV. kerület,1044,+36 20 858 0420,barabas.marton@schiller.hu,barabas.marton@schiller.hu;feher.lajos@schiller.hu;toth.gabor2@schiller.hu;info.lexus@schiller.hu,https://schiller.hu/,schiller.hu,4.4,338,382.0,ChIJ9xWMVcTbQUcRJmnmhjSF6TM,https://www.google.com/maps/search/?api=1&query=Schiller%20Aut%C3%B3%20Csal%C3%A1d&query_place_id=ChIJ9xWMVcTbQUcRJmnmhjSF6TM,autó szerviz,IV. kerület – autószerelő
Duna Autó Škoda márkakereskedés,Autószerelő,"Budapest, Szőlőkert u. 12, 1037 Magyarország",Budapest,III. kerület,1037,+36 1 801 4222,info@dunaauto.hu,info@dunaauto.hu,http://dunaauto.hu/skoda,dunaauto.hu,4.6,327,373.0,ChIJLWEjrXPZQUcRl8tJEF3FOOE,https://www.google.com/maps/search/?api=1&query=Duna%20Aut%C3%B3%20%C5%A0koda%20m%C3%A1rkakeresked%C3%A9s&query_place_id=ChIJLWEjrXPZQUcRl8tJEF3FOOE,autó szerviz,III. kerület – autószerelő
AKH - Gumiszerviz,Gumiabroncs-szerviz,"Budapest, Árpád fejedelem útja 99, 1033 Magyarország",Budapest,III. kerület,1033,+36 1 371 3333,info@gumi.hu,info@gumi.hu,https://gumi.hu/szerviz/akh-arpad-fejedelem-utja-gumiszerviz,gumi.hu,4.3,315,358.0,ChIJuShRrVjZQUcRQpuj4o5dX7M,https://www.google.com/maps/search/?api=1&query=AKH%20-%20Gumiszerviz&query_place_id=ChIJuShRrVjZQUcRQpuj4o5dX7M,gumiszerviz,III. kerület – gumiabroncs-szerviz
Kék Hold S.E. Kft,Gumiabroncs-szaküzlet,"Budapest, 1038, Szentendrei út 281, 1039 Magyarország",Budapest,III. kerület,1039,+36 20 471 6071,info@kekhold.hu,info@kekhold.hu,http://www.kekhold.hu/,kekhold.hu,4.5,307,352.0,ChIJn3wv7sDZQUcRsJwwHlURK0c,https://www.google.com/maps/search/?api=1&query=K%C3%A9k%20Hold%20S.E.%20Kft&query_place_id=ChIJn3wv7sDZQUcRsJwwHlURK0c,gumiszerviz,III. kerület – gumiabroncs-szaküzlet
Bosch Car Service - Óbuda,Autójavító,"Budapest, Ország út 6-8, 1039 Magyarország",Budapest,III. kerület,1039,+36 70 935 9204,info@boschcarserviceobuda.hu,info@boschcarserviceobuda.hu,http://www.boschcarserviceobuda.hu/,boschcarserviceobuda.hu,4.5,294,339.0,ChIJVdUBPWTXQUcRbP3ovgJebAU,https://www.google.com/maps/search/?api=1&query=Bosch%20Car%20Service%20-%20%C3%93buda&query_place_id=ChIJVdUBPWTXQUcRbP3ovgJebAU,autószerviz,III. kerület – autójavító
Marsopont,Gumiabroncs-szaküzlet,"Budapest, Arany János u. 2-6, 1044 Magyarország",Budapest,IV. kerület,1044,+36 42 204 080,ugyfelszolgalat@marso.hu,ugyfelszolgalat@marso.hu,http://www.marso.hu/,marso.hu,4.2,296,338.0,ChIJHwdGUSTaQUcR2edBuTIbP2Q,https://www.google.com/maps/search/?api=1&query=Marsopont&query_place_id=ChIJHwdGUSTaQUcR2edBuTIbP2Q,autó szerviz,IV. kerület – gumiabroncs-szaküzlet
Bálbett Kft,Autójavító,"Budapest, Nagykőrösi út 94, 1188 Magyarország",Budapest,XVIII. kerület,1188,+36 70 946 4387,balbett2@gmail.com,balbett2@gmail.com,http://balbett.hu/,balbett.hu,4.6,286,332.0,ChIJ7eOcOxnqQUcRaqe-9ufRrgc,https://www.google.com/maps/search/?api=1&query=B%C3%A1lbett%20Kft&query_place_id=ChIJ7eOcOxnqQUcRaqe-9ufRrgc,autó szerviz,XVIII. kerület – autójavító
Duna Autó Nissan,Autószerelő,"Budapest, Kunigunda útja 56, 1037 Magyarország",Budapest,III. kerület,1037,+36 1 801 4131,info@dunaauto.hu,info@dunaauto.hu,http://dunaauto.hu/nissan,dunaauto.hu,4.4,287,331.0,ChIJLVGpiXLZQUcR-RhgjIVudQg,https://www.google.com/maps/search/?api=1&query=Duna%20Aut%C3%B3%20Nissan&query_place_id=ChIJLVGpiXLZQUcR-RhgjIVudQg,autó szerviz,III. kerület – autószerelő
Hegedűs Gumiszerviz,Gumiabroncs-szerviz,"Budapest, Határ út 23, 1203 Magyarország",Budapest,XX. kerület,1203,+36 1 283 1218,info@hegedusgumi.hu,info@hegedusgumi.hu;hegedus.istvan@t-online.hu,http://www.hegedusgumi.hu/about.php,hegedusgumi.hu,4.4,287,331.0,ChIJK99Uf0vdQUcRzkkO4AV_IXw,https://www.google.com/maps/search/?api=1&query=Heged%C5%B1s%20Gumiszerviz&query_place_id=ChIJK99Uf0vdQUcRzkkO4AV_IXw,gumi csere,XX. kerület – gumiabroncs-szerviz
Príma Autóklíma Bt.,Autószerelő,"Budapest, Keresztúri út 116, 1106 Magyarország",Budapest,X. kerület,1106,+36 1 262 6814,primaklima@t-online.hu,primaklima@t-online.hu,http://www.primaklima.hu/,primaklima.hu,4.6,281,327.0,ChIJp86Iz2XDQUcRvftes_j3cMw,https://www.google.com/maps/search/?api=1&query=Pr%C3%ADma%20Aut%C3%B3kl%C3%ADma%20Bt.&query_place_id=ChIJp86Iz2XDQUcRvftes_j3cMw,autóklíma szerviz,X. kerület – autószerelő
"Verdavizsga Kft. - Műszaki vizsga, Autószerviz, Hibrid autószerviz",Autójavító,"Budapest, József u. 107, 1161 Magyarország",Budapest,XVI. kerület,1161,+36 20 313 1436,info@verdavizsga.hu,info@verdavizsga.hu;verdavizsga@gmail.com,https://www.verdavizsga.hu/,verdavizsga.hu,4.8,278,326.0,ChIJKXs1h8vEQUcR-BkH_Dq6k9Y,https://www.google.com/maps/search/?api=1&query=Verdavizsga%20Kft.%20-%20M%C5%B1szaki%20vizsga%2C%20Aut%C3%B3szerviz%2C%20Hibrid%20aut%C3%B3szerviz&query_place_id=ChIJKXs1h8vEQUcR-BkH_Dq6k9Y,autószerviz,XVI. kerület – autójavító
H.N.H. Autószerviz Kereskedelmi és Szolgáltató Kft.,Autószerelő,"Budapest, Aporháza u. 61, 1152 Magyarország",Budapest,XV. kerület,1152,+36 1 271 0016,hnh@hnhautoszerviz.hu,hnh@hnhautoszerviz.hu,http://hnhautoszerviz.hu/,hnhautoszerviz.hu,4.6,272,318.0,ChIJr7CW2vPaQUcR5gdsQtDgTfw,https://www.google.com/maps/search/?api=1&query=H.N.H.%20Aut%C3%B3szerviz%20Kereskedelmi%20%C3%A9s%20Szolg%C3%A1ltat%C3%B3%20Kft.&query_place_id=ChIJr7CW2vPaQUcR5gdsQtDgTfw,autó szerviz,XV. kerület – autószerelő
"Toy-tech Toyota, Lexus Autószerviz, és Hybrid specialista",Autójavító,"Budapest, Vasvári Pál u. 11, 1047 Magyarország",Budapest,IV. kerület,1047,+36 70 946 8598,info@toy-tech.hu,info@toy-tech.hu;support@dotroll.com,https://toy-tech.hu/,toy-tech.hu,4.8,263,311.0,ChIJGblouaDdQUcRR3OwUt0_HyQ,https://www.google.com/maps/search/?api=1&query=Toy-tech%20Toyota%2C%20Lexus%20Aut%C3%B3szerviz%2C%20%C3%A9s%20Hybrid%20specialista&query_place_id=ChIJGblouaDdQUcRR3OwUt0_HyQ,autószerviz,IV. kerület – autójavító
Újbudai Autó Doki,Autószerelő,"Budapest, Hengermalom út 17, 1117 Magyarország",Budapest,XI. kerület,1117,+36 20 916 0000,pest@auto-doki.hu,query@finances.com;pest@auto-doki.hu;buda@auto-doki.hu;ujbuda@auto-doki.hu,http://auto-doki.hu/,auto-doki.hu,4.5,258,303.0,ChIJa_0qTSTcQUcRAQAJr9ChYNw,https://www.google.com/maps/search/?api=1&query=%C3%9Ajbudai%20Aut%C3%B3%20Doki&query_place_id=ChIJa_0qTSTcQUcRAQAJr9ChYNw,gumi csere,XI. kerület – autószerelő
Független KIA szerviz - Lurdi szerviz Budapest,Autószerelő,"Budapest, Pékerdő u. 1, 1097 Magyarország",Budapest,IX. kerület,1097,+36 20 252 3969,arvai.kiaszerviz@t-online.hu,arvai.kiaszerviz@t-online.hu,https://fuggetlenkialurdy.com/,fuggetlenkialurdy.com,4.8,255,303.0,ChIJ55d4bh7dQUcRUP3LQF9OVXg,https://www.google.com/maps/search/?api=1&query=F%C3%BCggetlen%20KIA%20szerviz%20-%20Lurdi%20szerviz%20Budapest&query_place_id=ChIJ55d4bh7dQUcRUP3LQF9OVXg,fék javítás,IX. kerület – autószerelő
Duna Autó Volvo,Autószerelő,"Budapest, Kunigunda útja 56, 1037 Magyarország",Budapest,III. kerület,1037,+36 1 801 4265,info@dunaauto.hu,info@dunaauto.hu,http://dunaauto.hu/volvo,dunaauto.hu,4.5,256,301.0,ChIJ1Rpmm3LZQUcRGVBZx5jnVeA,https://www.google.com/maps/search/?api=1&query=Duna%20Aut%C3%B3%20Volvo&query_place_id=ChIJ1Rpmm3LZQUcRGVBZx5jnVeA,autó szerviz,III. kerület – autószerelő
RM - Royal Motor Kft.,Autószerelő,"Budapest, Fáy u. 43, 1139 Magyarország",Budapest,XIII. kerület,1139,+36 1 340 2378,info@hondanet.hu,info@hondanet.hu;tamas.czino@hondanet.hu;mogyidaniel@gmail.com,http://www.hondanet.hu/,hondanet.hu,4.6,254,300.0,ChIJ3YD7w7_bQUcRuhzJfhxLLIg,https://www.google.com/maps/search/?api=1&query=RM%20-%20Royal%20Motor%20Kft.&query_place_id=ChIJ3YD7w7_bQUcRuhzJfhxLLIg,autó szerviz,XIII. kerület – autószerelő
"Szappanos Autójavító Kft.- autójavítás,autóvillamosság,autódiagnosztika,karosszéria javítás",Autójavító,"Budapest, Telepes u. 49/B, 1147 Magyarország",Budapest,XIV. kerület,1147,+36 30 345 3111,info@szappanosauto.hu,info@szappanosauto.hu,http://szappanosauto.hu/,szappanosauto.hu,4.5,242,287.0,ChIJ_8IHB27bQUcRLWTda02_lkE,https://www.google.com/maps/search/?api=1&query=Szappanos%20Aut%C3%B3jav%C3%ADt%C3%B3%20Kft.-%20aut%C3%B3jav%C3%ADt%C3%A1s%2Caut%C3%B3villamoss%C3%A1g%2Caut%C3%B3diagnosztika%2Ckarossz%C3%A9ria%20jav%C3%ADt%C3%A1s&query_place_id=ChIJ_8IHB27bQUcRLWTda02_lkE,autójavítás,XIV. kerület – autójavító
Udvari Automobil Volvo Szerviz,Autószerelő,"Budapest, Tengerszem u. 84, 1142 Magyarország",Budapest,XIV. kerület,1142,+36 20 952 1412,udvari.laszlo@udvariautomobil.hu,udvari.laszlo@udvariautomobil.hu,http://www.udvariautomobil.hu/,udvariautomobil.hu,4.7,239,286.0,ChIJ6dLRtZrbQUcRMRNDyr0h3LY,https://www.google.com/maps/search/?api=1&query=Udvari%20Automobil%20Volvo%20Szerviz&query_place_id=ChIJ6dLRtZrbQUcRMRNDyr0h3LY,autó szerviz,XIV. kerület – autószerelő
Duna Autó Honda,Autószerelő,"Budapest, Kunigunda útja 56, 1037 Magyarország",Budapest,III. kerület,1037,+36 1 801 4080,info@dunaauto.hu,info@dunaauto.hu,http://dunaauto.hu/honda,dunaauto.hu,4.3,241,284.0,ChIJHW-R1nLZQUcRaoffDvpwpuA,https://www.google.com/maps/search/?api=1&query=Duna%20Aut%C3%B3%20Honda&query_place_id=ChIJHW-R1nLZQUcRaoffDvpwpuA,autó szerviz,III. kerület – autószerelő
Tímár-Autó,Autószerelő,"Budapest, Tüzér u. 43, 1134 Magyarország",Budapest,XIII. kerület,1134,+36 20 777 2180,shop.timarauto@gmail.com,shop.timarauto@gmail.com,http://www.timarauto.hu/,timarauto.hu,4.9,235,284.0,ChIJn1nxjpLbQUcR0o1xTqyxheU,https://www.google.com/maps/search/?api=1&query=T%C3%ADm%C3%A1r-Aut%C3%B3&query_place_id=ChIJn1nxjpLbQUcR0o1xTqyxheU,autóklíma szerviz,XIII. kerület – autószerelő
Preko-k Bt futóműbeállítás,Autószerelő,"Budapest, Tárház u. 36, 1214 Magyarország",Budapest,XXI. kerület,1214,+36 20 932 5103,support@nyitvatartas24.hu,support@nyitvatartas24.hu;info@oeffnungszeitenbuch.de;costard@it-rechtsberater.de,https://nyitvatartas24.hu/uzlet/Budapest-Preko-K%20B-375451H.html,nyitvatartas24.hu,4.9,234,283.0,ChIJHz1OvMDnQUcRqzbZiOwnXiQ,https://www.google.com/maps/search/?api=1&query=Preko-k%20Bt%20fut%C3%B3m%C5%B1be%C3%A1ll%C3%ADt%C3%A1s&query_place_id=ChIJHz1OvMDnQUcRqzbZiOwnXiQ,gumiszerviz,XXI. kerület – autószerelő
Kedvenc Autószerviz,Autószerelő,"Budapest, Bécsi út 277, 1037 Magyarország",Budapest,III. kerület,1037,+36 70 544 4555,szerviz@akedvenc.hu,szerviz@akedvenc.hu,http://kedvencszerviz.hu/,kedvencszerviz.hu,4.3,237,280.0,ChIJuQjpRyHZQUcRIjboBkkSdiQ,https://www.google.com/maps/search/?api=1&query=Kedvenc%20Aut%C3%B3szerviz&query_place_id=ChIJuQjpRyHZQUcRIjboBkkSdiQ,autószerviz,III. kerület – autószerelő
"Horváth Mobilgumis - Nonstop Gumiszerelés, Gumicsere, Defektjavítás, Kerékcsere, TPMS Programozás",Autógumi,"Budapest, Egressy Gábor u., 1184 Magyarország",Budapest,XVIII. kerület,1184,+36 70 905 4995,horvathmobilgumis@gmail.com,horvathmobilgumis@gmail.com,https://horvathmobilgumis.hu/,horvathmobilgumis.hu,5.0,230,280.0,ChIJaeUbNu_DQUcRI10GveFxfDQ,https://www.google.com/maps/search/?api=1&query=Horv%C3%A1th%20Mobilgumis%20-%20Nonstop%20Gumiszerel%C3%A9s%2C%20Gumicsere%2C%20Defektjav%C3%ADt%C3%A1s%2C%20Ker%C3%A9kcsere%2C%20TPMS%20Programoz%C3%A1s&query_place_id=ChIJaeUbNu_DQUcRI10GveFxfDQ,gumi csere,XVIII. kerület – autógumi
Winner Gumi Kft.,Gumiabroncs-szerviz,"Budapest, Fogarasi út 117, 1141 Magyarország",Budapest,XIV. kerület,1141,+36 70 942 2133,winnergumi@winnergumi.hu,winnergumi@winnergumi.hu,https://winnergumi.hu/,winnergumi.hu,4.9,229,278.0,ChIJl5ZHYU7bQUcRFkyOt9cvzyY,https://www.google.com/maps/search/?api=1&query=Winner%20Gumi%20Kft.&query_place_id=ChIJl5ZHYU7bQUcRFkyOt9cvzyY,gumi csere,XIV. kerület – gumiabroncs-szerviz
Fix & Go Autószerviz (English speaking team),Autószerelő,"Budapest, Hollán Ernő u. 13-15, 1136 Magyarország",Budapest,XIII. kerület,1136,+36 20 265 6396,fixandgoautoszerviz@gmail.com,fixandgoautoszerviz@gmail.com,http://fixandgo.hu/,fixandgo.hu,4.8,226,274.0,ChIJy-YB1AjcQUcRIQ9adpfx_cg,https://www.google.com/maps/search/?api=1&query=Fix%20%26%20Go%20Aut%C3%B3szerviz%20(English%20speaking%20team)&query_place_id=ChIJy-YB1AjcQUcRIQ9adpfx_cg,műszaki vizsga,XIII. kerület – autószerelő
"Dinamit Kipufogó Tuning, Szervíz",Autószerelő,"Budapest, Nagyvárad u. 16, 1162 Magyarország",Budapest,XVI. kerület,1162,+36 1 401 0242,kipufogo@dinamit-dob.hu,kipufogo@dinamit-dob.hu;kipugofo@dinamit-dob.hu,http://www.dinamit-dob.hu/,dinamit-dob.hu,4.8,222,270.0,ChIJHWHGst3EQUcRIM5Az9D0ICw,https://www.google.com/maps/search/?api=1&query=Dinamit%20Kipufog%C3%B3%20Tuning%2C%20Szerv%C3%ADz&query_place_id=ChIJHWHGst3EQUcRIM5Az9D0ICw,gumi csere,XVI. kerület – autószerelő
Mj-Car Szerviz Műszaki vizsgabázis Légrugó specialista,Autójavító,"Budapest, Posztógyár u. 8, 1211 Magyarország",Budapest,XXI. kerület,1211,+36 20 293 1663,szerviz@mjcar.hu,szerviz@mjcar.hu,http://mjcar.hu/,mjcar.hu,4.5,224,269.0,ChIJbZRxa-znQUcRza7khhovsQQ,https://www.google.com/maps/search/?api=1&query=Mj-Car%20Szerviz%20M%C5%B1szaki%20vizsgab%C3%A1zis%20L%C3%A9grug%C3%B3%20specialista&query_place_id=ChIJbZRxa-znQUcRza7khhovsQQ,autó szerviz,XXI. kerület – autójavító
Buda Gumi,Gumiabroncs-szaküzlet,"Budapest, Mészáros u. 19, 1016 Magyarország",Budapest,I. kerület,1016,+36 70 380 7618,info@budagumi.hu,info@budagumi.hu;budagumi@budagumi.hu,http://www.budagumi.hu/,budagumi.hu,4.6,223,269.0,ChIJF-OatyXcQUcRrOO121c0VS8,https://www.google.com/maps/search/?api=1&query=Buda%20Gumi&query_place_id=ChIJF-OatyXcQUcRrOO121c0VS8,gumi csere,I. kerület – gumiabroncs-szaküzlet
Gépjármű Unió Kft.,Autóellenőrző állomás,"Budapest, Tatai u. 3/b, 1142 Magyarország",Budapest,XIV. kerület,1142,+36 20 465 0873,gepjarmuunio@gmail.com,gepjarmuunio@gmail.com,http://gepjarmuunio.hu/,gepjarmuunio.hu,4.8,216,264.0,ChIJ52vH25nbQUcRHy-EjY4J_08,https://www.google.com/maps/search/?api=1&query=G%C3%A9pj%C3%A1rm%C5%B1%20Uni%C3%B3%20Kft.&query_place_id=ChIJ52vH25nbQUcRHy-EjY4J_08,autószerviz,XIV. kerület – autóellenőrző állomás
Zugló Gumi,Autógumi,"Budapest, Pillangó u. 15, 1149 Magyarország",Budapest,XIV. kerület,1149,+36 30 573 4071,info@zuglogumi.hu,info@zuglogumi.hu;nfh@nfh.hu;bekelteto.testulet@bkik.hu;ugyfelszolgalat@naih.hu,http://zuglogumi.hu/,zuglogumi.hu,4.4,218,262.0,ChIJ1WlVJYbdQUcR37Ommevvkgk,https://www.google.com/maps/search/?api=1&query=Zugl%C3%B3%20Gumi&query_place_id=ChIJ1WlVJYbdQUcR37Ommevvkgk,gumiszerviz,XIV. kerület – autógumi
